abandoned,angry,1
abandonment,angry,1
abhor,angry,1
abhorrent,angry,1
abolish,angry,1
abomination,angry,1
abuse,angry,1
accursed,angry,1
accusation,angry,1
accused,angry,1
accuser,angry,1
accusing,angry,1
actionable,angry,1
adder,angry,1
adversary,angry,1
adverse,angry,1
adversity,angry,1
advocacy,angry,1
affront,angry,1
aftermath,angry,1
aggravated,angry,1
aggravating,angry,1
aggravation,angry,1
aggression,angry,1
aggressive,angry,1
aggressor,angry,1
agitated,angry,1
agitation,angry,1
agony,angry,1
alcoholism,angry,1
alienate,angry,1
alienation,angry,1
allegation,angry,1
altercation,angry,1
ambush,angry,1
anarchism,angry,1
anarchist,angry,1
anarchy,angry,1
anathema,angry,1
anger,angry,1
angry,angry,1
anguish,angry,1
animosity,angry,1
animus,angry,1
annihilate,angry,1
annihilated,angry,1
annihilation,angry,1
annoy,angry,1
annoyance,angry,1
annoying,angry,1
antagonism,angry,1
antagonist,angry,1
antagonistic,angry,1
antichrist,angry,1
antipathy,angry,1
antisocial,angry,1
antithesis,angry,1
anxiety,angry,1
argue,angry,1
argument,angry,1
argumentation,angry,1
arguments,angry,1
armament,angry,1
armed,angry,1
arraignment,angry,1
arrogant,angry,1
arson,angry,1
assail,angry,1
assailant,angry,1
assassin,angry,1
assassinate,angry,1
assassination,angry,1
assault,angry,1
asshole,angry,1
atrocious,angry,1
atrocity,angry,1
attack,angry,1
attacking,angry,1
attorney,angry,1
avarice,angry,1
avenger,angry,1
averse,angry,1
aversion,angry,1
awful,angry,1
backbone,angry,1
bad,angry,1
badger,angry,1
badness,angry,1
bane,angry,1
bang,angry,1
banger,angry,1
banish,angry,1
banished,angry,1
banishment,angry,1
bankruptcy,angry,1
banshee,angry,1
barb,angry,1
barbaric,angry,1
bark,angry,1
barrier,angry,1
bastion,angry,1
battalion,angry,1
batter,angry,1
battery,angry,1
battle,angry,1
battled,angry,1
bayonet,angry,1
bear,angry,1
bearish,angry,1
beast,angry,1
beating,angry,1
bee,angry,1
belittle,angry,1
belligerent,angry,1
bellows,angry,1
belt,angry,1
berserk,angry,1
betray,angry,1
betrayal,angry,1
bias,angry,1
bickering,angry,1
bigot,angry,1
bigoted,angry,1
bile,angry,1
birch,angry,1
birthplace,angry,1
bitch,angry,1
bitterly,angry,1
bitterness,angry,1
blackmail,angry,1
blame,angry,1
blasphemous,angry,1
blasphemy,angry,1
blast,angry,1
blatant,angry,1
blaze,angry,1
blemish,angry,1
blockade,angry,1
bloodshed,angry,1
bloodthirsty,angry,1
bloody,angry,1
bogus,angry,1
boisterous,angry,1
bomb,angry,1
bombard,angry,1
bombardment,angry,1
bothering,angry,1
bout,angry,1
boxing,angry,1
brawl,angry,1
brazen,angry,1
brimstone,angry,1
broil,angry,1
broken,angry,1
brunt,angry,1
brutal,angry,1
brutality,angry,1
brute,angry,1
buffet,angry,1
bugaboo,angry,1
bully,angry,1
bummer,angry,1
burial,angry,1
burke,angry,1
busted,angry,1
butcher,angry,1
cacophony,angry,1
cad,angry,1
callous,angry,1
campaigning,angry,1
cancer,angry,1
cane,angry,1
canker,angry,1
cannon,angry,1
carelessness,angry,1
carnage,angry,1
cash,angry,1
casualty,angry,1
catastrophe,angry,1
caution,angry,1
celebrity,angry,1
censor,angry,1
chaff,angry,1
challenge,angry,1
chant,angry,1
chaos,angry,1
chaotic,angry,1
cheat,angry,1
choke,angry,1
claimant,angry,1
clamor,angry,1
clash,angry,1
clashing,angry,1
claw,angry,1
coerce,angry,1
coercion,angry,1
coldness,angry,1
collision,angry,1
collusion,angry,1
combat,angry,1
combatant,angry,1
combative,angry,1
commotion,angry,1
communism,angry,1
complain,angry,1
complaint,angry,1
complicate,angry,1
compress,angry,1
compulsion,angry,1
concealment,angry,1
concussion,angry,1
condemn,angry,1
condemnation,angry,1
condescension,angry,1
confine,angry,1
confined,angry,1
confinement,angry,1
confiscate,angry,1
conflagration,angry,1
conflict,angry,1
confront,angry,1
confusion,angry,1
conquest,angry,1
conspirator,angry,1
consternation,angry,1
constraint,angry,1
contempt,angry,1
contemptible,angry,1
contemptuous,angry,1
contentious,angry,1
contraband,angry,1
contradict,angry,1
controversial,angry,1
convict,angry,1
coop,angry,1
copycat,angry,1
corrupting,angry,1
counsellor,angry,1
coup,angry,1
court,angry,1
crabby,angry,1
cracked,angry,1
cranky,angry,1
crazed,angry,1
crazy,angry,1
crime,angry,1
criminal,angry,1
criminality,angry,1
criticism,angry,1
criticize,angry,1
cross,angry,1
crucifixion,angry,1
cruel,angry,1
cruelly,angry,1
cruelty,angry,1
crunch,angry,1
crusade,angry,1
crushed,angry,1
crushing,angry,1
cur,angry,1
curse,angry,1
cursed,angry,1
cursing,angry,1
cussed,angry,1
cutthroat,angry,1
cutting,angry,1
dabbling,angry,1
daemon,angry,1
damage,angry,1
dame,angry,1
damn,angry,1
damnation,angry,1
darkness,angry,1
dashed,angry,1
dastardly,angry,1
deadly,angry,1
death,angry,1
deceit,angry,1
deceive,angry,1
deceived,angry,1
decry,angry,1
defamatory,angry,1
defect,angry,1
defendant,angry,1
defense,angry,1
defiance,angry,1
defiant,angry,1
deflate,angry,1
defraud,angry,1
defy,angry,1
degeneracy,angry,1
delay,angry,1
deleterious,angry,1
delinquent,angry,1
delusion,angry,1
delusional,angry,1
demand,angry,1
demolish,angry,1
demon,angry,1
demonic,angry,1
denounce,angry,1
denunciation,angry,1
deny,angry,1
deplorable,angry,1
deplore,angry,1
deportation,angry,1
depraved,angry,1
depravity,angry,1
depreciate,angry,1
depreciated,angry,1
depressed,angry,1
deprivation,angry,1
deranged,angry,1
derision,angry,1
derogation,angry,1
derogatory,angry,1
desecration,angry,1
desert,angry,1
deserted,angry,1
deserve,angry,1
desist,angry,1
despair,angry,1
despicable,angry,1
despise,angry,1
despotism,angry,1
destroyed,angry,1
destroyer,angry,1
destroying,angry,1
destruction,angry,1
destructive,angry,1
detainee,angry,1
deterioration,angry,1
detest,angry,1
detonation,angry,1
detract,angry,1
devastate,angry,1
devastating,angry,1
devastation,angry,1
devil,angry,1
diabolical,angry,1
diatribe,angry,1
dictatorial,angry,1
dictatorship,angry,1
difficulty,angry,1
disagree,angry,1
disagreeing,angry,1
disagreement,angry,1
disallowed,angry,1
disappoint,angry,1
disappointed,angry,1
disapprove,angry,1
disapproved,angry,1
disapproving,angry,1
disaster,angry,1
disastrous,angry,1
disclaim,angry,1
discontent,angry,1
discord,angry,1
discriminate,angry,1
discrimination,angry,1
disdain,angry,1
disease,angry,1
disfigured,angry,1
disgrace,angry,1
disgraced,angry,1
disgraceful,angry,1
disgruntled,angry,1
disgust,angry,1
disgusting,angry,1
dishonest,angry,1
dishonor,angry,1
disillusionment,angry,1
disinformation,angry,1
dislike,angry,1
disliked,angry,1
dislocated,angry,1
dismay,angry,1
dismissal,angry,1
disobedience,angry,1
disobedient,angry,1
disobey,angry,1
disparage,angry,1
disparaging,angry,1
disparity,angry,1
displaced,angry,1
displeased,angry,1
dispossessed,angry,1
dispute,angry,1
disqualified,angry,1
disreputable,angry,1
disrespect,angry,1
disrespectful,angry,1
disruption,angry,1
dissension,angry,1
disservice,angry,1
dissident,angry,1
dissolution,angry,1
dissonance,angry,1
distracted,angry,1
distracting,angry,1
distress,angry,1
distressing,angry,1
distrust,angry,1
disturbance,angry,1
disturbed,angry,1
disused,angry,1
divorce,angry,1
dominate,angry,1
domination,angry,1
doomsday,angry,1
dreadful,angry,1
duel,angry,1
dumps,angry,1
dupe,angry,1
duplicity,angry,1
duress,angry,1
dying,angry,1
earthquake,angry,1
effigy,angry,1
egregious,angry,1
elbow,angry,1
elf,angry,1
elimination,angry,1
encumbrance,angry,1
endless,angry,1
enemy,angry,1
enforce,angry,1
enmity,angry,1
enslaved,angry,1
entangled,angry,1
epidemic,angry,1
eradicate,angry,1
eradication,angry,1
erupt,angry,1
eruption,angry,1
escalate,angry,1
eschew,angry,1
evade,angry,1
eviction,angry,1
evil,angry,1
exacerbation,angry,1
exaggerate,angry,1
exasperation,angry,1
excitation,angry,1
excite,angry,1
execution,angry,1
executioner,angry,1
exile,angry,1
expel,angry,1
expletive,angry,1
explode,angry,1
explosive,angry,1
expulsion,angry,1
extermination,angry,1
extinguish,angry,1
failing,angry,1
fallacious,angry,1
falsehood,angry,1
falsification,angry,1
fatal,angry,1
fear,angry,1
fee,angry,1
feeling,angry,1
fenced,angry,1
ferocious,angry,1
ferocity,angry,1
fervor,angry,1
feud,angry,1
feudalism,angry,1
fib,angry,1
fiend,angry,1
fierce,angry,1
fight,angry,1
fighting,angry,1
firearms,angry,1
fits,angry,1
flagrant,angry,1
fleece,angry,1
flog,angry,1
fluctuation,angry,1
foe,angry,1
foray,angry,1
forbidding,angry,1
force,angry,1
forcibly,angry,1
forearm,angry,1
forfeit,angry,1
forsaken,angry,1
foul,angry,1
fraud,angry,1
fraudulent,angry,1
frenetic,angry,1
frenzied,angry,1
friction,angry,1
frightful,angry,1
frowning,angry,1
frustrate,angry,1
frustrated,angry,1
frustration,angry,1
fugitive,angry,1
fuming,angry,1
furious,angry,1
furiously,angry,1
furnace,angry,1
furor,angry,1
fury,angry,1
fuss,angry,1
gall,angry,1
gallows,angry,1
gang,angry,1
gent,angry,1
gibberish,angry,1
glare,angry,1
glaring,angry,1
gnome,angry,1
godless,angry,1
gonorrhea,angry,1
gore,angry,1
gory,angry,1
grab,angry,1
grated,angry,1
grating,angry,1
greed,angry,1
grievance,angry,1
grievous,angry,1
grim,angry,1
grope,angry,1
growl,angry,1
growling,angry,1
grudge,angry,1
gruff,angry,1
grumble,angry,1
grumpy,angry,1
guillotine,angry,1
guilty,angry,1
gun,angry,1
halter,angry,1
hamstring,angry,1
hanging,angry,1
harass,angry,1
harassing,angry,1
harbinger,angry,1
hardened,angry,1
harmful,angry,1
harry,angry,1
harshness,angry,1
hate,angry,1
hateful,angry,1
hating,angry,1
hatred,angry,1
haughty,angry,1
havoc,angry,1
hell,angry,1
hellish,angry,1
hiss,angry,1
hit,angry,1
hoax,angry,1
holocaust,angry,1
homeless,angry,1
homicidal,angry,1
homicide,angry,1
honest,angry,1
hood,angry,1
hoot,angry,1
hopelessness,angry,1
horrible,angry,1
horrid,angry,1
horrific,angry,1
horror,angry,1
hostage,angry,1
hostile,angry,1
hostilities,angry,1
hostility,angry,1
hot,angry,1
howl,angry,1
huff,angry,1
humbug,angry,1
humiliate,angry,1
hunting,angry,1
hurt,angry,1
hurtful,angry,1
hurting,angry,1
hysterical,angry,1
idiocy,angry,1
idiotic,angry,1
ill,angry,1
illegal,angry,1
illegality,angry,1
illegitimate,angry,1
illicit,angry,1
immaturity,angry,1
immoral,angry,1
immorality,angry,1
impermeable,angry,1
implicate,angry,1
impotence,angry,1
imprisoned,angry,1
imprisonment,angry,1
inadmissible,angry,1
inappropriate,angry,1
inattention,angry,1
incarceration,angry,1
incase,angry,1
incendiary,angry,1
incense,angry,1
incest,angry,1
incite,angry,1
incompatible,angry,1
incompetent,angry,1
incongruous,angry,1
inconsiderate,angry,1
inconvenient,angry,1
incredulous,angry,1
incurable,angry,1
indecency,angry,1
indenture,angry,1
indict,angry,1
indifference,angry,1
indignant,angry,1
indignation,angry,1
indoctrination,angry,1
inept,angry,1
inequality,angry,1
inexcusable,angry,1
infamous,angry,1
infanticide,angry,1
infantile,angry,1
inferno,angry,1
infidel,angry,1
infidelity,angry,1
inflict,angry,1
infraction,angry,1
inhibit,angry,1
inhuman,angry,1
inimical,angry,1
injure,angry,1
injurious,angry,1
injury,angry,1
injustice,angry,1
inoperative,angry,1
insane,angry,1
insanity,angry,1
insecure,angry,1
insidious,angry,1
insignificant,angry,1
instinctive,angry,1
insufficiency,angry,1
insult,angry,1
insulting,angry,1
insurrection,angry,1
intense,angry,1
interminable,angry,1
interrupt,angry,1
intimidation,angry,1
intolerable,angry,1
intolerance,angry,1
intolerant,angry,1
intractable,angry,1
intruder,angry,1
intrusive,angry,1
invade,angry,1
invader,angry,1
invasion,angry,1
involution,angry,1
involvement,angry,1
irate,angry,1
ire,angry,1
irreconcilable,angry,1
irritability,angry,1
irritable,angry,1
irritating,angry,1
irritation,angry,1
jab,angry,1
jealous,angry,1
jealousy,angry,1
jeopardize,angry,1
jerk,angry,1
kick,angry,1
kicking,angry,1
kidnap,angry,1
killing,angry,1
lace,angry,1
lagging,angry,1
lash,angry,1
latent,angry,1
lava,angry,1
lawlessness,angry,1
lawsuit,angry,1
lawyer,angry,1
legalized,angry,1
leukemia,angry,1
libel,angry,1
liberate,angry,1
lie,angry,1
lightning,angry,1
limited,angry,1
liquor,angry,1
litigate,angry,1
litigious,angry,1
livid,angry,1
loath,angry,1
loathe,angry,1
loathsome,angry,1
lonely,angry,1
lose,angry,1
losing,angry,1
loss,angry,1
loudness,angry,1
lunacy,angry,1
lunatic,angry,1
lying,angry,1
lynch,angry,1
mad,angry,1
madden,angry,1
madman,angry,1
madness,angry,1
malevolent,angry,1
malice,angry,1
malicious,angry,1
malign,angry,1
malignant,angry,1
malpractice,angry,1
mangle,angry,1
maniac,angry,1
manipulation,angry,1
manslaughter,angry,1
martial,angry,1
masochism,angry,1
massacre,angry,1
mastery,angry,1
meddle,angry,1
melodrama,angry,1
menace,angry,1
menacing,angry,1
mighty,angry,1
militia,angry,1
misbehavior,angry,1
misconception,angry,1
miserable,angry,1
misery,angry,1
mislead,angry,1
misleading,angry,1
misplace,angry,1
misrepresented,angry,1
misstatement,angry,1
mistress,angry,1
misunderstanding,angry,1
mob,angry,1
mocking,angry,1
molestation,angry,1
money,angry,1
monstrosity,angry,1
moody,angry,1
moral,angry,1
morals,angry,1
morbidity,angry,1
mortality,angry,1
mosque,angry,1
mosquito,angry,1
mournful,angry,1
muff,angry,1
mug,angry,1
mule,angry,1
murder,angry,1
murderer,angry,1
murderous,angry,1
musical,angry,1
mutilation,angry,1
mutiny,angry,1
mutter,angry,1
myopia,angry,1
nag,angry,1
nasty,angry,1
negation,angry,1
neglected,angry,1
nepotism,angry,1
nether,angry,1
nettle,angry,1
noisy,angry,1
noncompliance,angry,1
notoriety,angry,1
nuisance,angry,1
nurture,angry,1
objection,angry,1
obliging,angry,1
obliterate,angry,1
obliterated,angry,1
oblivion,angry,1
obnoxious,angry,1
obscenity,angry,1
obstacle,angry,1
obstruct,angry,1
obstructive,angry,1
odious,angry,1
offend,angry,1
offended,angry,1
offender,angry,1
offense,angry,1
offensive,angry,1
onerous,angry,1
opera,angry,1
opinionated,angry,1
opium,angry,1
opponent,angry,1
opposed,angry,1
opposition,angry,1
oppress,angry,1
oppression,angry,1
oppressive,angry,1
oppressor,angry,1
orc,angry,1
orchestra,angry,1
ordeal,angry,1
oust,angry,1
outburst,angry,1
outcry,angry,1
outrage,angry,1
overbearing,angry,1
overpowering,angry,1
overpriced,angry,1
owing,angry,1
painful,angry,1
paralysis,angry,1
paralyzed,angry,1
pare,angry,1
patter,angry,1
paucity,angry,1
payback,angry,1
penalty,angry,1
penetration,angry,1
penitentiary,angry,1
perdition,angry,1
pernicious,angry,1
perpetrator,angry,1
persecute,angry,1
persecution,angry,1
perverse,angry,1
perversion,angry,1
pervert,angry,1
pessimism,angry,1
pest,angry,1
phony,angry,1
picket,angry,1
picketing,angry,1
pillage,angry,1
pique,angry,1
pirate,angry,1
pitfall,angry,1
playful,angry,1
plunder,angry,1
poaching,angry,1
poison,angry,1
poisoned,angry,1
poisonous,angry,1
polemic,angry,1
politics,angry,1
possessed,angry,1
possession,angry,1
pound,angry,1
poverty,angry,1
pow,angry,1
powerful,angry,1
powerless,angry,1
preclude,angry,1
prejudice,angry,1
prejudicial,angry,1
presumptuous,angry,1
pretending,angry,1
prick,angry,1
prison,angry,1
prisoner,angry,1
profane,angry,1
profanity,angry,1
prohibited,angry,1
prosecute,angry,1
provocation,angry,1
provoking,angry,1
pry,angry,1
psychosis,angry,1
punch,angry,1
punished,angry,1
punishing,angry,1
punishment,angry,1
punitive,angry,1
quandary,angry,1
quarrel,angry,1
rabble,angry,1
rabid,angry,1
rage,angry,1
raging,angry,1
raid,angry,1
rail,angry,1
ram,angry,1
rampage,angry,1
ransom,angry,1
rape,angry,1
rapping,angry,1
rascal,angry,1
rating,angry,1
rave,angry,1
ravenous,angry,1
raving,angry,1
react,angry,1
rebel,angry,1
rebellion,angry,1
recalcitrant,angry,1
recession,angry,1
recidivism,angry,1
reckless,angry,1
recklessness,angry,1
reject,angry,1
rejection,angry,1
rejects,angry,1
remand,angry,1
remiss,angry,1
remove,angry,1
renegade,angry,1
renounce,angry,1
repay,angry,1
repellent,angry,1
reprimand,angry,1
reprisal,angry,1
reproach,angry,1
repudiation,angry,1
resent,angry,1
resentful,angry,1
resentment,angry,1
resign,angry,1
resistance,angry,1
resisting,angry,1
restitution,angry,1
restrain,angry,1
restriction,angry,1
retaliate,angry,1
retaliation,angry,1
retaliatory,angry,1
retract,angry,1
retribution,angry,1
revenge,angry,1
reversal,angry,1
revoke,angry,1
revolt,angry,1
revolting,angry,1
revolution,angry,1
revolver,angry,1
revulsion,angry,1
rheumatism,angry,1
ribbon,angry,1
ridicule,angry,1
ridiculous,angry,1
rifle,angry,1
ringer,angry,1
riot,angry,1
riotous,angry,1
rivalry,angry,1
rob,angry,1
robbery,angry,1
rocket,angry,1
rook,angry,1
row,angry,1
ruined,angry,1
ruinous,angry,1
ruthless,angry,1
saber,angry,1
sabotage,angry,1
saloon,angry,1
sarcasm,angry,1
satanic,angry,1
savage,angry,1
savagery,angry,1
scandalous,angry,1
scapegoat,angry,1
scar,angry,1
scarcity,angry,1
scare,angry,1
schism,angry,1
schizophrenia,angry,1
scoff,angry,1
scold,angry,1
scolding,angry,1
scorching,angry,1
scorn,angry,1
scorpion,angry,1
scoundrel,angry,1
scourge,angry,1
scrapie,angry,1
scream,angry,1
screaming,angry,1
screwed,angry,1
sectarian,angry,1
sedition,angry,1
segregate,angry,1
selfish,angry,1
senseless,angry,1
sentence,angry,1
separatist,angry,1
shackle,angry,1
shaky,angry,1
sham,angry,1
sharpen,angry,1
shatter,angry,1
shell,angry,1
shit,angry,1
shiver,angry,1
shock,angry,1
shoddy,angry,1
shoot,angry,1
shooting,angry,1
shoplifting,angry,1
shortage,angry,1
shot,angry,1
shout,angry,1
shove,angry,1
shriek,angry,1
shrill,angry,1
shun,angry,1
sickening,angry,1
simmer,angry,1
sin,angry,1
sinful,angry,1
sinister,angry,1
sinner,angry,1
sisterhood,angry,1
sizzle,angry,1
skewed,angry,1
skid,angry,1
skirmish,angry,1
slam,angry,1
slander,angry,1
slap,angry,1
slash,angry,1
slaughter,angry,1
slaughterhouse,angry,1
slaughtering,angry,1
slave,angry,1
slavery,angry,1
slay,angry,1
slayer,angry,1
slur,angry,1
slut,angry,1
sly,angry,1
smack,angry,1
smash,angry,1
smell,angry,1
smite,angry,1
smother,angry,1
smuggler,angry,1
snarl,angry,1
snarling,angry,1
sneak,angry,1
sneer,angry,1
socialist,angry,1
soldier,angry,1
sordid,angry,1
sore,angry,1
spank,angry,1
spanking,angry,1
spat,angry,1
spear,angry,1
spine,angry,1
spite,angry,1
spiteful,angry,1
squelch,angry,1
stab,angry,1
stalemate,angry,1
standoff,angry,1
standstill,angry,1
steal,angry,1
sterling,angry,1
stifled,angry,1
stigma,angry,1
sting,angry,1
stingy,angry,1
stolen,angry,1
stone,angry,1
storm,angry,1
storming,angry,1
strained,angry,1
strangle,angry,1
strife,angry,1
strike,angry,1
stripped,angry,1
struggle,angry,1
subjugation,angry,1
subsidy,angry,1
subversion,angry,1
subversive,angry,1
sucker,angry,1
sue,angry,1
suffocation,angry,1
suicidal,angry,1
suicide,angry,1
sullen,angry,1
suppress,angry,1
suppression,angry,1
supremacy,angry,1
surcharge,angry,1
surly,angry,1
suspicious,angry,1
swastika,angry,1
tackle,angry,1
talons,angry,1
tariff,angry,1
taunt,angry,1
tease,angry,1
teasing,angry,1
tempest,angry,1
tension,angry,1
terrible,angry,1
terrorism,angry,1
terrorist,angry,1
terrorize,angry,1
theft,angry,1
theocratic,angry,1
thief,angry,1
thoughtless,angry,1
thrash,angry,1
threat,angry,1
threaten,angry,1
threatening,angry,1
thresh,angry,1
throttle,angry,1
thug,angry,1
thump,angry,1
thundering,angry,1
tiff,angry,1
tighten,angry,1
tirade,angry,1
tolerate,angry,1
torment,angry,1
torpedo,angry,1
tortious,angry,1
torture,angry,1
touchy,angry,1
toughness,angry,1
traitor,angry,1
traumatic,angry,1
treacherous,angry,1
treachery,angry,1
treason,angry,1
treat,angry,1
tree,angry,1
tremor,angry,1
trespass,angry,1
trickery,angry,1
tripping,angry,1
troll,angry,1
troublesome,angry,1
tumult,angry,1
tumultuous,angry,1
turbulence,angry,1
turmoil,angry,1
tussle,angry,1
tyrannical,angry,1
tyrant,angry,1
ulcer,angry,1
ultimatum,angry,1
unattainable,angry,1
unbridled,angry,1
uncaring,angry,1
uncertain,angry,1
uncontrollable,angry,1
underpaid,angry,1
undesirable,angry,1
unequal,angry,1
unfair,angry,1
unfairness,angry,1
unforgiving,angry,1
unfriendly,angry,1
unfulfilled,angry,1
ungrateful,angry,1
unhappy,angry,1
unjust,angry,1
unjustifiable,angry,1
unkind,angry,1
unlawful,angry,1
unlucky,angry,1
unpaid,angry,1
unruly,angry,1
unsettled,angry,1
unsympathetic,angry,1
unthinkable,angry,1
untoward,angry,1
untrustworthy,angry,1
upheaval,angry,1
uprising,angry,1
upset,angry,1
usurp,angry,1
usurped,angry,1
vampire,angry,1
vehement,angry,1
vendetta,angry,1
vengeance,angry,1
vengeful,angry,1
venom,angry,1
venomous,angry,1
vent,angry,1
vermin,angry,1
versus,angry,1
veto,angry,1
vicious,angry,1
victim,angry,1
victimized,angry,1
villainous,angry,1
vindicate,angry,1
vindictive,angry,1
violation,angry,1
violence,angry,1
violent,angry,1
violently,angry,1
virulence,angry,1
volatility,angry,1
vote,angry,1
vulgarity,angry,1
waffle,angry,1
warden,angry,1
warfare,angry,1
warlike,angry,1
warp,angry,1
warrior,angry,1
wasted,angry,1
wasteful,angry,1
wench,angry,1
whip,angry,1
willful,angry,1
wimpy,angry,1
wince,angry,1
wireless,angry,1
witch,angry,1
witchcraft,angry,1
wop,angry,1
words,angry,1
worthless,angry,1
wound,angry,1
wrangling,angry,1
wrath,angry,1
wreak,angry,1
wreck,angry,1
wrecked,angry,1
wretch,angry,1
wring,angry,1
wrongdoing,angry,1
wrongful,angry,1
wrongly,angry,1
yell,angry,1
yelp,angry,1
youth,angry,1
