abundance,Anticipation,1
accelerate,Anticipation,1
accolade,Anticipation,1
accompaniment,Anticipation,1
achievement,Anticipation,1
acquiring,Anticipation,1
addresses,Anticipation,1
adore,Anticipation,1
adrift,Anticipation,1
advance,Anticipation,1
advent,Anticipation,1
adventure,Anticipation,1
advocacy,Anticipation,1
airport,Anticipation,1
alertness,Anticipation,1
alerts,Anticipation,1
alive,Anticipation,1
allure,Anticipation,1
aloha,Anticipation,1
ambition,Anticipation,1
amour,Anticipation,1
analyst,Anticipation,1
angel,Anticipation,1
angling,Anticipation,1
announcement,Anticipation,1
anticipation,Anticipation,1
anticipatory,Anticipation,1
antidote,Anticipation,1
anxiety,Anticipation,1
anxious,Anticipation,1
appeal,Anticipation,1
applicant,Anticipation,1
apprehensive,Anticipation,1
approaching,Anticipation,1
arbitration,Anticipation,1
archaeology,Anticipation,1
ardent,Anticipation,1
arouse,Anticipation,1
arrival,Anticipation,1
arrive,Anticipation,1
art,Anticipation,1
aspiration,Anticipation,1
aspire,Anticipation,1
aspiring,Anticipation,1
astrologer,Anticipation,1
astronomer,Anticipation,1
atone,Anticipation,1
attainable,Anticipation,1
attempt,Anticipation,1
attendance,Anticipation,1
auction,Anticipation,1
audience,Anticipation,1
auspicious,Anticipation,1
await,Anticipation,1
award,Anticipation,1
ballot,Anticipation,1
balm,Anticipation,1
banger,Anticipation,1
banquet,Anticipation,1
basketball,Anticipation,1
beaming,Anticipation,1
begun,Anticipation,1
betrothed,Anticipation,1
beware,Anticipation,1
biennial,Anticipation,1
birth,Anticipation,1
birthday,Anticipation,1
bless,Anticipation,1
blessing,Anticipation,1
blessings,Anticipation,1
blindfold,Anticipation,1
bloom,Anticipation,1
board,Anticipation,1
boisterous,Anticipation,1
bonus,Anticipation,1
boomerang,Anticipation,1
bountiful,Anticipation,1
bounty,Anticipation,1
bridal,Anticipation,1
bride,Anticipation,1
bridegroom,Anticipation,1
brilliant,Anticipation,1
broadside,Anticipation,1
brotherly,Anticipation,1
bruise,Anticipation,1
buddy,Anticipation,1
bugle,Anticipation,1
buzz,Anticipation,1
bye,Anticipation,1
calculation,Anticipation,1
calls,Anticipation,1
candid,Anticipation,1
cap,Anticipation,1
captivate,Anticipation,1
career,Anticipation,1
cash,Anticipation,1
cataract,Anticipation,1
caution,Anticipation,1
cautious,Anticipation,1
celebrated,Anticipation,1
celebrating,Anticipation,1
celebration,Anticipation,1
celebrity,Anticipation,1
celestial,Anticipation,1
cement,Anticipation,1
champion,Anticipation,1
changeable,Anticipation,1
chant,Anticipation,1
charitable,Anticipation,1
chastity,Anticipation,1
cheer,Anticipation,1
cheerfulness,Anticipation,1
cheery,Anticipation,1
cherish,Anticipation,1
chicane,Anticipation,1
child,Anticipation,1
chocolate,Anticipation,1
chuckle,Anticipation,1
church,Anticipation,1
clamor,Anticipation,1
clap,Anticipation,1
climax,Anticipation,1
clock,Anticipation,1
closure,Anticipation,1
clown,Anticipation,1
clue,Anticipation,1
comfort,Anticipation,1
coming,Anticipation,1
commemorate,Anticipation,1
commemoration,Anticipation,1
commemorative,Anticipation,1
commonplace,Anticipation,1
compensate,Anticipation,1
competition,Anticipation,1
complement,Anticipation,1
completing,Anticipation,1
completion,Anticipation,1
compliment,Anticipation,1
concealed,Anticipation,1
concealment,Anticipation,1
condemnation,Anticipation,1
confession,Anticipation,1
conjecture,Anticipation,1
conjure,Anticipation,1
consecration,Anticipation,1
consequent,Anticipation,1
conservation,Anticipation,1
conspirator,Anticipation,1
contagion,Anticipation,1
contingent,Anticipation,1
continuation,Anticipation,1
continue,Anticipation,1
convergence,Anticipation,1
convince,Anticipation,1
correspondence,Anticipation,1
council,Anticipation,1
countdown,Anticipation,1
court,Anticipation,1
courtship,Anticipation,1
cove,Anticipation,1
cradle,Anticipation,1
cramp,Anticipation,1
craps,Anticipation,1
crave,Anticipation,1
craving,Anticipation,1
cream,Anticipation,1
creeping,Anticipation,1
crescendo,Anticipation,1
crowning,Anticipation,1
cue,Anticipation,1
cultivate,Anticipation,1
curiosity,Anticipation,1
daily,Anticipation,1
dare,Anticipation,1
dawn,Anticipation,1
deal,Anticipation,1
death,Anticipation,1
debenture,Anticipation,1
defense,Anticipation,1
delight,Anticipation,1
delighted,Anticipation,1
delightful,Anticipation,1
deliverance,Anticipation,1
delivery,Anticipation,1
denying,Anticipation,1
depart,Anticipation,1
depend,Anticipation,1
depraved,Anticipation,1
deserve,Anticipation,1
destination,Anticipation,1
destined,Anticipation,1
detainee,Anticipation,1
determinate,Anticipation,1
develop,Anticipation,1
devil,Anticipation,1
devout,Anticipation,1
diagnosis,Anticipation,1
dictatorship,Anticipation,1
dietary,Anticipation,1
digress,Anticipation,1
diplomacy,Anticipation,1
discreet,Anticipation,1
discretion,Anticipation,1
dismay,Anticipation,1
disposed,Anticipation,1
distracting,Anticipation,1
divination,Anticipation,1
doomsday,Anticipation,1
dove,Anticipation,1
draft,Anticipation,1
dread,Anticipation,1
dreadful,Anticipation,1
duel,Anticipation,1
dutiful,Anticipation,1
eager,Anticipation,1
eagerness,Anticipation,1
ecstasy,Anticipation,1
ecstatic,Anticipation,1
edification,Anticipation,1
edition,Anticipation,1
efficient,Anticipation,1
ejaculation,Anticipation,1
elegance,Anticipation,1
elevation,Anticipation,1
elite,Anticipation,1
emancipation,Anticipation,1
embrace,Anticipation,1
enchant,Anticipation,1
enchanting,Anticipation,1
endanger,Anticipation,1
endeavor,Anticipation,1
engaged,Anticipation,1
engulf,Anticipation,1
enjoy,Anticipation,1
enjoying,Anticipation,1
enroll,Anticipation,1
entertaining,Anticipation,1
entertainment,Anticipation,1
enthusiasm,Anticipation,1
enthusiast,Anticipation,1
epidemic,Anticipation,1
erotic,Anticipation,1
errand,Anticipation,1
escape,Anticipation,1
eventual,Anticipation,1
eventuality,Anticipation,1
exalt,Anticipation,1
excavation,Anticipation,1
exceed,Anticipation,1
excel,Anticipation,1
excitation,Anticipation,1
excite,Anticipation,1
excited,Anticipation,1
excitement,Anticipation,1
exciting,Anticipation,1
exhaustion,Anticipation,1
exigent,Anticipation,1
expect,Anticipation,1
expectancy,Anticipation,1
expectant,Anticipation,1
expectation,Anticipation,1
expected,Anticipation,1
expecting,Anticipation,1
expedition,Anticipation,1
experiment,Anticipation,1
explore,Anticipation,1
explosive,Anticipation,1
expose,Anticipation,1
extricate,Anticipation,1
failing,Anticipation,1
fain,Anticipation,1
faith,Anticipation,1
familiarity,Anticipation,1
fancy,Anticipation,1
fanfare,Anticipation,1
farm,Anticipation,1
fate,Anticipation,1
favorable,Anticipation,1
feat,Anticipation,1
feeling,Anticipation,1
ferment,Anticipation,1
fermentation,Anticipation,1
festival,Anticipation,1
fete,Anticipation,1
fiesta,Anticipation,1
finally,Anticipation,1
firstborn,Anticipation,1
fitting,Anticipation,1
flinch,Anticipation,1
flirt,Anticipation,1
football,Anticipation,1
forearm,Anticipation,1
foreboding,Anticipation,1
forecast,Anticipation,1
foresee,Anticipation,1
foreseen,Anticipation,1
foresight,Anticipation,1
forewarned,Anticipation,1
forming,Anticipation,1
fortune,Anticipation,1
frantic,Anticipation,1
friendly,Anticipation,1
frisky,Anticipation,1
fulfillment,Anticipation,1
fun,Anticipation,1
gain,Anticipation,1
gambler,Anticipation,1
gambling,Anticipation,1
generosity,Anticipation,1
germ,Anticipation,1
germination,Anticipation,1
gift,Anticipation,1
glad,Anticipation,1
glide,Anticipation,1
glimmer,Anticipation,1
glorify,Anticipation,1
glory,Anticipation,1
glow,Anticipation,1
god,Anticipation,1
good,Anticipation,1
goodness,Anticipation,1
gradual,Anticipation,1
graduation,Anticipation,1
grandchildren,Anticipation,1
grant,Anticipation,1
grasping,Anticipation,1
gravitate,Anticipation,1
grim,Anticipation,1
grin,Anticipation,1
grow,Anticipation,1
guillotine,Anticipation,1
habitual,Anticipation,1
hankering,Anticipation,1
hap,Anticipation,1
happen,Anticipation,1
happiness,Anticipation,1
happy,Anticipation,1
harbinger,Anticipation,1
harvest,Anticipation,1
haste,Anticipation,1
headlight,Anticipation,1
healing,Anticipation,1
heavenly,Anticipation,1
heft,Anticipation,1
hero,Anticipation,1
heroism,Anticipation,1
heyday,Anticipation,1
highest,Anticipation,1
hire,Anticipation,1
holiday,Anticipation,1
holiness,Anticipation,1
homeless,Anticipation,1
honeymoon,Anticipation,1
hope,Anticipation,1
hopeful,Anticipation,1
horizon,Anticipation,1
horoscope,Anticipation,1
humanitarian,Anticipation,1
hungry,Anticipation,1
hunter,Anticipation,1
hunting,Anticipation,1
hurried,Anticipation,1
hurry,Anticipation,1
hymn,Anticipation,1
hype,Anticipation,1
hypothesis,Anticipation,1
illuminate,Anticipation,1
immature,Anticipation,1
immaturity,Anticipation,1
immediately,Anticipation,1
immerse,Anticipation,1
imminent,Anticipation,1
immortality,Anticipation,1
impatient,Anticipation,1
impending,Anticipation,1
importance,Anticipation,1
improve,Anticipation,1
improvise,Anticipation,1
inaugural,Anticipation,1
inauguration,Anticipation,1
incite,Anticipation,1
income,Anticipation,1
independence,Anticipation,1
infant,Anticipation,1
infanticide,Anticipation,1
infinity,Anticipation,1
inheritance,Anticipation,1
inoculation,Anticipation,1
inquiry,Anticipation,1
inspiration,Anticipation,1
inspire,Anticipation,1
install,Anticipation,1
instructions,Anticipation,1
instructor,Anticipation,1
intended,Anticipation,1
interim,Anticipation,1
interminable,Anticipation,1
intermission,Anticipation,1
intimate,Anticipation,1
intimately,Anticipation,1
intrigue,Anticipation,1
intuitively,Anticipation,1
investigation,Anticipation,1
invitation,Anticipation,1
invite,Anticipation,1
inviting,Anticipation,1
invocation,Anticipation,1
invoke,Anticipation,1
jackpot,Anticipation,1
jeopardy,Anticipation,1
journey,Anticipation,1
judicial,Anticipation,1
judiciary,Anticipation,1
kindred,Anticipation,1
kiss,Anticipation,1
labor,Anticipation,1
labyrinth,Anticipation,1
lagging,Anticipation,1
latent,Anticipation,1
laughter,Anticipation,1
launch,Anticipation,1
leisure,Anticipation,1
lessen,Anticipation,1
lesson,Anticipation,1
letter,Anticipation,1
lettered,Anticipation,1
liberate,Anticipation,1
liberation,Anticipation,1
liberty,Anticipation,1
linger,Anticipation,1
litigate,Anticipation,1
localize,Anticipation,1
long,Anticipation,1
longing,Anticipation,1
loom,Anticipation,1
lottery,Anticipation,1
lovely,Anticipation,1
lover,Anticipation,1
luck,Anticipation,1
lull,Anticipation,1
luscious,Anticipation,1
lust,Anticipation,1
magical,Anticipation,1
magnificence,Anticipation,1
magnificent,Anticipation,1
mail,Anticipation,1
majestic,Anticipation,1
marriage,Anticipation,1
marry,Anticipation,1
matchmaker,Anticipation,1
maternal,Anticipation,1
matrimony,Anticipation,1
medal,Anticipation,1
mediate,Anticipation,1
mediator,Anticipation,1
medical,Anticipation,1
meditate,Anticipation,1
merge,Anticipation,1
midwife,Anticipation,1
mill,Anticipation,1
miracle,Anticipation,1
mobile,Anticipation,1
momentum,Anticipation,1
monetary,Anticipation,1
money,Anticipation,1
morals,Anticipation,1
morn,Anticipation,1
morrow,Anticipation,1
mortification,Anticipation,1
mother,Anticipation,1
motion,Anticipation,1
mountain,Anticipation,1
musical,Anticipation,1
mutable,Anticipation,1
mysterious,Anticipation,1
mystery,Anticipation,1
nascent,Anticipation,1
navigable,Anticipation,1
navigator,Anticipation,1
neighbor,Anticipation,1
neighborhood,Anticipation,1
nervous,Anticipation,1
network,Anticipation,1
neutral,Anticipation,1
nobility,Anticipation,1
noncompliance,Anticipation,1
notification,Anticipation,1
nurture,Anticipation,1
oasis,Anticipation,1
objective,Anticipation,1
obliging,Anticipation,1
offset,Anticipation,1
olfactory,Anticipation,1
omen,Anticipation,1
ominous,Anticipation,1
ongoing,Anticipation,1
onset,Anticipation,1
opera,Anticipation,1
opponent,Anticipation,1
opportunity,Anticipation,1
optimism,Anticipation,1
oracle,Anticipation,1
ordination,Anticipation,1
organ,Anticipation,1
organization,Anticipation,1
orgasm,Anticipation,1
outdo,Anticipation,1
overdue,Anticipation,1
overthrow,Anticipation,1
overture,Anticipation,1
owing,Anticipation,1
paddle,Anticipation,1
parade,Anticipation,1
paragon,Anticipation,1
paralysis,Anticipation,1
pare,Anticipation,1
parole,Anticipation,1
passenger,Anticipation,1
passion,Anticipation,1
passionate,Anticipation,1
patience,Anticipation,1
patient,Anticipation,1
pay,Anticipation,1
peace,Anticipation,1
peaceful,Anticipation,1
perfect,Anticipation,1
perfection,Anticipation,1
peril,Anticipation,1
perilous,Anticipation,1
perpetuate,Anticipation,1
perpetuity,Anticipation,1
picket,Anticipation,1
picnic,Anticipation,1
plan,Anticipation,1
planning,Anticipation,1
playground,Anticipation,1
plea,Anticipation,1
pleasant,Anticipation,1
plight,Anticipation,1
plump,Anticipation,1
poke,Anticipation,1
possess,Anticipation,1
possibility,Anticipation,1
powerful,Anticipation,1
practise,Anticipation,1
praiseworthy,Anticipation,1
pray,Anticipation,1
precarious,Anticipation,1
precious,Anticipation,1
precursor,Anticipation,1
predict,Anticipation,1
prediction,Anticipation,1
predilection,Anticipation,1
predispose,Anticipation,1
preliminary,Anticipation,1
preparation,Anticipation,1
preparatory,Anticipation,1
prepare,Anticipation,1
prepared,Anticipation,1
preparedness,Anticipation,1
prerequisite,Anticipation,1
prescient,Anticipation,1
present,Anticipation,1
preservative,Anticipation,1
pretty,Anticipation,1
prevail,Anticipation,1
prevention,Anticipation,1
priesthood,Anticipation,1
princely,Anticipation,1
probability,Anticipation,1
probation,Anticipation,1
proceeding,Anticipation,1
production,Anticipation,1
proficiency,Anticipation,1
prognosis,Anticipation,1
prognostic,Anticipation,1
progress,Anticipation,1
progression,Anticipation,1
prologue,Anticipation,1
prophecy,Anticipation,1
prophet,Anticipation,1
prophetic,Anticipation,1
prophylactic,Anticipation,1
prospectively,Anticipation,1
prosper,Anticipation,1
proud,Anticipation,1
providing,Anticipation,1
pry,Anticipation,1
public,Anticipation,1
punctual,Anticipation,1
punished,Anticipation,1
punt,Anticipation,1
puppy,Anticipation,1
quest,Anticipation,1
quicken,Anticipation,1
quote,Anticipation,1
rabid,Anticipation,1
radiance,Anticipation,1
raffle,Anticipation,1
rail,Anticipation,1
ram,Anticipation,1
rapture,Anticipation,1
raving,Anticipation,1
readiness,Anticipation,1
ready,Anticipation,1
receiving,Anticipation,1
recipient,Anticipation,1
recognizable,Anticipation,1
recombination,Anticipation,1
reconciliation,Anticipation,1
reconstruct,Anticipation,1
reconstruction,Anticipation,1
recreation,Anticipation,1
recreational,Anticipation,1
recurrent,Anticipation,1
regatta,Anticipation,1
regularity,Anticipation,1
rehabilitation,Anticipation,1
rejoice,Anticipation,1
rejoicing,Anticipation,1
rekindle,Anticipation,1
remedy,Anticipation,1
renovate,Anticipation,1
renovation,Anticipation,1
repay,Anticipation,1
representing,Anticipation,1
rescue,Anticipation,1
respect,Anticipation,1
responsive,Anticipation,1
restlessness,Anticipation,1
restorative,Anticipation,1
result,Anticipation,1
resultant,Anticipation,1
retirement,Anticipation,1
reunion,Anticipation,1
revenge,Anticipation,1
revere,Anticipation,1
revival,Anticipation,1
revive,Anticipation,1
revolution,Anticipation,1
reward,Anticipation,1
ribbon,Anticipation,1
ripen,Anticipation,1
rising,Anticipation,1
risk,Anticipation,1
risky,Anticipation,1
romance,Anticipation,1
romantic,Anticipation,1
roulette,Anticipation,1
saint,Anticipation,1
saintly,Anticipation,1
salary,Anticipation,1
saliva,Anticipation,1
salvation,Anticipation,1
sanctify,Anticipation,1
sanctuary,Anticipation,1
savor,Anticipation,1
scare,Anticipation,1
scientist,Anticipation,1
score,Anticipation,1
scrutinize,Anticipation,1
secular,Anticipation,1
seductive,Anticipation,1
seek,Anticipation,1
sensual,Anticipation,1
sensuality,Anticipation,1
sentence,Anticipation,1
sequel,Anticipation,1
serenity,Anticipation,1
serial,Anticipation,1
sex,Anticipation,1
shackle,Anticipation,1
shaky,Anticipation,1
share,Anticipation,1
sharpen,Anticipation,1
shining,Anticipation,1
ship,Anticipation,1
shiver,Anticipation,1
shopping,Anticipation,1
shortly,Anticipation,1
signify,Anticipation,1
simmer,Anticipation,1
simmering,Anticipation,1
simplify,Anticipation,1
sing,Anticipation,1
skewed,Anticipation,1
sneaking,Anticipation,1
sonar,Anticipation,1
sorcery,Anticipation,1
soundness,Anticipation,1
spa,Anticipation,1
sparkle,Anticipation,1
spear,Anticipation,1
spectacular,Anticipation,1
speculative,Anticipation,1
spirits,Anticipation,1
splendor,Anticipation,1
star,Anticipation,1
starry,Anticipation,1
start,Anticipation,1
stealthy,Anticipation,1
sterling,Anticipation,1
store,Anticipation,1
strategist,Anticipation,1
stripped,Anticipation,1
strive,Anticipation,1
submit,Anticipation,1
subscribe,Anticipation,1
succeed,Anticipation,1
succeeding,Anticipation,1
success,Anticipation,1
successful,Anticipation,1
sun,Anticipation,1
sundial,Anticipation,1
sunny,Anticipation,1
sunset,Anticipation,1
superstitious,Anticipation,1
supremacy,Anticipation,1
surprisingly,Anticipation,1
surround,Anticipation,1
suspense,Anticipation,1
suspicious,Anticipation,1
sweet,Anticipation,1
sweetheart,Anticipation,1
sweets,Anticipation,1
swim,Anticipation,1
symphony,Anticipation,1
synchronize,Anticipation,1
tabulate,Anticipation,1
tantalizing,Anticipation,1
tease,Anticipation,1
tempest,Anticipation,1
testament,Anticipation,1
theology,Anticipation,1
theory,Anticipation,1
thermocouple,Anticipation,1
thirst,Anticipation,1
thought,Anticipation,1
threaten,Anticipation,1
thrill,Anticipation,1
thrilling,Anticipation,1
thriving,Anticipation,1
tickle,Anticipation,1
time,Anticipation,1
timidity,Anticipation,1
tomorrow,Anticipation,1
top,Anticipation,1
torture,Anticipation,1
towering,Anticipation,1
track,Anticipation,1
transcendence,Anticipation,1
transitional,Anticipation,1
treadmill,Anticipation,1
treasure,Anticipation,1
treat,Anticipation,1
tree,Anticipation,1
tremor,Anticipation,1
trepidation,Anticipation,1
tribunal,Anticipation,1
tributary,Anticipation,1
triumph,Anticipation,1
triumphant,Anticipation,1
trophy,Anticipation,1
twinkle,Anticipation,1
ultimate,Anticipation,1
ultimately,Anticipation,1
unaccountable,Anticipation,1
unbeaten,Anticipation,1
unbridled,Anticipation,1
uncontrollable,Anticipation,1
undecided,Anticipation,1
undertaking,Anticipation,1
undisclosed,Anticipation,1
undoubted,Anticipation,1
undying,Anticipation,1
uneasiness,Anticipation,1
unexpected,Anticipation,1
unexplained,Anticipation,1
unfold,Anticipation,1
unfulfilled,Anticipation,1
unification,Anticipation,1
university,Anticipation,1
unknown,Anticipation,1
unpublished,Anticipation,1
unresolved,Anticipation,1
unsurpassed,Anticipation,1
untold,Anticipation,1
unverified,Anticipation,1
uphill,Anticipation,1
uplift,Anticipation,1
uprising,Anticipation,1
urgency,Anticipation,1
urgent,Anticipation,1
utopian,Anticipation,1
vacation,Anticipation,1
venerable,Anticipation,1
veracity,Anticipation,1
verge,Anticipation,1
victory,Anticipation,1
vigil,Anticipation,1
vigilance,Anticipation,1
vindication,Anticipation,1
virginity,Anticipation,1
vision,Anticipation,1
visionary,Anticipation,1
visitor,Anticipation,1
visor,Anticipation,1
volatility,Anticipation,1
volunteer,Anticipation,1
voluptuous,Anticipation,1
vote,Anticipation,1
vow,Anticipation,1
voyage,Anticipation,1
wait,Anticipation,1
warn,Anticipation,1
warned,Anticipation,1
watch,Anticipation,1
weigh,Anticipation,1
weight,Anticipation,1
whim,Anticipation,1
white,Anticipation,1
wilderness,Anticipation,1
winner,Anticipation,1
winning,Anticipation,1
winnings,Anticipation,1
wireless,Anticipation,1
wishful,Anticipation,1
withstand,Anticipation,1
wizard,Anticipation,1
wont,Anticipation,1
worm,Anticipation,1
worry,Anticipation,1
worrying,Anticipation,1
worship,Anticipation,1
yearning,Anticipation,1
young,Anticipation,1
youth,Anticipation,1
zeal,Anticipation,1
zest,Anticipation,1
