abandon,fear,1
abandoned,fear,1
abandonment,fear,1
abduction,fear,1
abhor,fear,1
abhorrent,fear,1
abominable,fear,1
abomination,fear,1
abortion,fear,1
absence,fear,1
abuse,fear,1
abyss,fear,1
accident,fear,1
accidental,fear,1
accursed,fear,1
accused,fear,1
accuser,fear,1
accusing,fear,1
acrobat,fear,1
adder,fear,1
adjudicate,fear,1
admonition,fear,1
adrift,fear,1
advance,fear,1
adverse,fear,1
adversity,fear,1
afflict,fear,1
affliction,fear,1
affront,fear,1
afraid,fear,1
aftermath,fear,1
aga,fear,1
aggression,fear,1
aggressive,fear,1
aggressor,fear,1
aghast,fear,1
agonizing,fear,1
agony,fear,1
ailing,fear,1
alarm,fear,1
alarming,fear,1
alcoholism,fear,1
alertness,fear,1
alerts,fear,1
alien,fear,1
alienation,fear,1
ambulance,fear,1
ambush,fear,1
anaconda,fear,1
anarchism,fear,1
anarchist,fear,1
anarchy,fear,1
anathema,fear,1
angina,fear,1
anguish,fear,1
animosity,fear,1
annihilate,fear,1
annihilated,fear,1
annihilation,fear,1
anomaly,fear,1
anthrax,fear,1
antichrist,fear,1
antisocial,fear,1
anxiety,fear,1
anxious,fear,1
apache,fear,1
appalling,fear,1
apparition,fear,1
appendicitis,fear,1
apprehend,fear,1
apprehension,fear,1
apprehensive,fear,1
armament,fear,1
armaments,fear,1
armed,fear,1
armor,fear,1
armored,fear,1
arraignment,fear,1
arsenic,fear,1
arson,fear,1
artillery,fear,1
asp,fear,1
assail,fear,1
assailant,fear,1
assassin,fear,1
assassinate,fear,1
assassination,fear,1
assault,fear,1
astray,fear,1
asylum,fear,1
atherosclerosis,fear,1
atrocity,fear,1
atrophy,fear,1
attack,fear,1
attacking,fear,1
attorney,fear,1
auditor,fear,1
austere,fear,1
autopsy,fear,1
avalanche,fear,1
averse,fear,1
aversion,fear,1
avoid,fear,1
avoidance,fear,1
avoiding,fear,1
awful,fear,1
bacteria,fear,1
bacterium,fear,1
bad,fear,1
badness,fear,1
bailiff,fear,1
bait,fear,1
bale,fear,1
bane,fear,1
bang,fear,1
banger,fear,1
banish,fear,1
banished,fear,1
bankrupt,fear,1
bankruptcy,fear,1
banshee,fear,1
barbarian,fear,1
barbaric,fear,1
barricade,fear,1
batter,fear,1
battered,fear,1
battled,fear,1
battlefield,fear,1
bayonet,fear,1
bear,fear,1
bearish,fear,1
beast,fear,1
beastly,fear,1
beating,fear,1
bee,fear,1
behemoth,fear,1
belittle,fear,1
belligerent,fear,1
belt,fear,1
bestial,fear,1
beware,fear,1
bewildered,fear,1
bewilderment,fear,1
bier,fear,1
bigot,fear,1
bigoted,fear,1
biopsy,fear,1
birch,fear,1
birth,fear,1
bitch,fear,1
blackmail,fear,1
blackness,fear,1
blast,fear,1
bleeding,fear,1
blemish,fear,1
blight,fear,1
blindfold,fear,1
blob,fear,1
blockade,fear,1
bloodshed,fear,1
bloodthirsty,fear,1
bloody,fear,1
blues,fear,1
bomb,fear,1
bombard,fear,1
bombardment,fear,1
bomber,fear,1
bondage,fear,1
bottomless,fear,1
brawl,fear,1
brigade,fear,1
brimstone,fear,1
broke,fear,1
broken,fear,1
brutal,fear,1
brutality,fear,1
brute,fear,1
buck,fear,1
bug,fear,1
bugaboo,fear,1
bully,fear,1
bunker,fear,1
burdensome,fear,1
burglar,fear,1
burial,fear,1
buried,fear,1
burke,fear,1
busted,fear,1
butcher,fear,1
buzz,fear,1
cabal,fear,1
cadaver,fear,1
campaigning,fear,1
cancer,fear,1
cane,fear,1
cannibal,fear,1
cannon,fear,1
captive,fear,1
captor,fear,1
carcass,fear,1
carcinoma,fear,1
cardiomyopathy,fear,1
carnage,fear,1
carnivorous,fear,1
cartridge,fear,1
case,fear,1
cash,fear,1
casket,fear,1
casualty,fear,1
cataract,fear,1
catastrophe,fear,1
caution,fear,1
cautionary,fear,1
cautious,fear,1
cautiously,fear,1
cemetery,fear,1
censor,fear,1
chaff,fear,1
challenge,fear,1
change,fear,1
chaos,fear,1
chargeable,fear,1
chasm,fear,1
chicken,fear,1
chimera,fear,1
cholera,fear,1
clashing,fear,1
claw,fear,1
cleave,fear,1
cliff,fear,1
cloudiness,fear,1
cobra,fear,1
coerce,fear,1
coercion,fear,1
coffin,fear,1
coldness,fear,1
collapse,fear,1
collusion,fear,1
coma,fear,1
comatose,fear,1
combat,fear,1
combatant,fear,1
combative,fear,1
communism,fear,1
compassion,fear,1
concealed,fear,1
concealment,fear,1
concerned,fear,1
condemnation,fear,1
confession,fear,1
confessional,fear,1
confidence,fear,1
confine,fear,1
confined,fear,1
confinement,fear,1
conflagration,fear,1
conflict,fear,1
confusion,fear,1
conquest,fear,1
conspiracy,fear,1
conspirator,fear,1
conspire,fear,1
consternation,fear,1
constrain,fear,1
constraint,fear,1
contagion,fear,1
contagious,fear,1
contaminated,fear,1
contempt,fear,1
contentious,fear,1
contraband,fear,1
convict,fear,1
cop,fear,1
corrosive,fear,1
corrupting,fear,1
counsellor,fear,1
courageous,fear,1
court,fear,1
cove,fear,1
coward,fear,1
cowardice,fear,1
cowardly,fear,1
coy,fear,1
coyote,fear,1
cracked,fear,1
crash,fear,1
crazed,fear,1
crazy,fear,1
creature,fear,1
criminal,fear,1
criminality,fear,1
cringe,fear,1
cripple,fear,1
criticize,fear,1
crocodile,fear,1
cross,fear,1
crouch,fear,1
crouching,fear,1
crucifixion,fear,1
cruel,fear,1
cruelly,fear,1
cruelty,fear,1
crusade,fear,1
crushed,fear,1
crushing,fear,1
crypt,fear,1
cult,fear,1
cupping,fear,1
cur,fear,1
curse,fear,1
cursed,fear,1
cutter,fear,1
cutthroat,fear,1
cutting,fear,1
cyanide,fear,1
cyclone,fear,1
cyst,fear,1
daemon,fear,1
dagger,fear,1
damnation,fear,1
danger,fear,1
dangerous,fear,1
darken,fear,1
darkened,fear,1
darkness,fear,1
dart,fear,1
dashed,fear,1
dastardly,fear,1
deadly,fear,1
death,fear,1
debacle,fear,1
debauchery,fear,1
decay,fear,1
deceit,fear,1
decomposition,fear,1
defamation,fear,1
default,fear,1
defection,fear,1
defend,fear,1
defendant,fear,1
defense,fear,1
defenseless,fear,1
defiance,fear,1
deflation,fear,1
deformity,fear,1
defy,fear,1
degrading,fear,1
delay,fear,1
deleterious,fear,1
deluge,fear,1
delusion,fear,1
delusional,fear,1
demented,fear,1
dementia,fear,1
demise,fear,1
demon,fear,1
demonic,fear,1
demoralized,fear,1
dentistry,fear,1
denunciation,fear,1
dependence,fear,1
deplorable,fear,1
deport,fear,1
deportation,fear,1
depraved,fear,1
depreciated,fear,1
depreciation,fear,1
depress,fear,1
depressed,fear,1
deprivation,fear,1
deranged,fear,1
derogation,fear,1
derogatory,fear,1
descent,fear,1
desecration,fear,1
desert,fear,1
deserted,fear,1
desolation,fear,1
despair,fear,1
despairing,fear,1
despotic,fear,1
despotism,fear,1
destination,fear,1
destitute,fear,1
destroyed,fear,1
destroyer,fear,1
destroying,fear,1
destructive,fear,1
detainee,fear,1
deteriorate,fear,1
deterioration,fear,1
detonate,fear,1
devastate,fear,1
devastating,fear,1
devastation,fear,1
devil,fear,1
devilish,fear,1
diabolical,fear,1
diagnosis,fear,1
dictator,fear,1
dictatorship,fear,1
die,fear,1
difficult,fear,1
difficulty,fear,1
dike,fear,1
dinosaur,fear,1
dire,fear,1
disable,fear,1
disabled,fear,1
disallowed,fear,1
disappear,fear,1
disapprove,fear,1
disaster,fear,1
disastrous,fear,1
discipline,fear,1
discontent,fear,1
discontinuity,fear,1
discourage,fear,1
discrimination,fear,1
disease,fear,1
diseased,fear,1
disembodied,fear,1
disfigured,fear,1
disgust,fear,1
disgusting,fear,1
dishonor,fear,1
disinformation,fear,1
disintegrate,fear,1
dislocated,fear,1
dismal,fear,1
dismay,fear,1
dismemberment,fear,1
dismissal,fear,1
disorder,fear,1
displaced,fear,1
displeased,fear,1
dispossessed,fear,1
disreputable,fear,1
disrespectful,fear,1
disruption,fear,1
dissident,fear,1
dissolution,fear,1
distress,fear,1
distressed,fear,1
distressing,fear,1
distrust,fear,1
disturbance,fear,1
divorce,fear,1
dominant,fear,1
dominate,fear,1
domination,fear,1
dominion,fear,1
doom,fear,1
doomed,fear,1
doomsday,fear,1
doubt,fear,1
downfall,fear,1
dragon,fear,1
dread,fear,1
dreadful,fear,1
dreadfully,fear,1
drown,fear,1
dubious,fear,1
duel,fear,1
dungeon,fear,1
duress,fear,1
dwarfed,fear,1
dying,fear,1
earthquake,fear,1
edict,fear,1
eel,fear,1
elevation,fear,1
elf,fear,1
elimination,fear,1
emaciated,fear,1
embarrassment,fear,1
embolism,fear,1
emergency,fear,1
encroachment,fear,1
encumbrance,fear,1
endanger,fear,1
endangered,fear,1
endemic,fear,1
endless,fear,1
endocarditis,fear,1
enemy,fear,1
enforce,fear,1
enigmatic,fear,1
enmity,fear,1
enslaved,fear,1
entangled,fear,1
epidemic,fear,1
eradication,fear,1
erase,fear,1
eruption,fear,1
escape,fear,1
escaped,fear,1
ethereal,fear,1
euthanasia,fear,1
evacuate,fear,1
evade,fear,1
evasion,fear,1
eventuality,fear,1
eviction,fear,1
evil,fear,1
exacerbation,fear,1
examination,fear,1
excitation,fear,1
excite,fear,1
exclusion,fear,1
excruciating,fear,1
execution,fear,1
executioner,fear,1
exigent,fear,1
exile,fear,1
exorcism,fear,1
expel,fear,1
explode,fear,1
explosion,fear,1
explosive,fear,1
expose,fear,1
expulsion,fear,1
exterminate,fear,1
extermination,fear,1
extrajudicial,fear,1
failing,fear,1
failure,fear,1
fainting,fear,1
falter,fear,1
fanaticism,fear,1
fang,fear,1
fangs,fear,1
fatal,fear,1
fatality,fear,1
fear,fear,1
fearful,fear,1
fearfully,fear,1
fearing,fear,1
fearless,fear,1
feeling,fear,1
felon,fear,1
ferocious,fear,1
fever,fear,1
fiend,fear,1
fierce,fear,1
fight,fear,1
fire,fear,1
firearms,fear,1
fled,fear,1
flee,fear,1
flinch,fear,1
flog,fear,1
flood,fear,1
flounder,fear,1
flu,fear,1
fluctuation,fear,1
flying,fear,1
foe,fear,1
forbidding,fear,1
force,fear,1
forced,fear,1
forcibly,fear,1
foreboding,fear,1
foreclose,fear,1
foreigner,fear,1
forewarned,fear,1
forfeiture,fear,1
forgotten,fear,1
formidable,fear,1
fortress,fear,1
foul,fear,1
fragile,fear,1
frantic,fear,1
fraught,fear,1
freakish,fear,1
frenetic,fear,1
frenzied,fear,1
fret,fear,1
frigate,fear,1
fright,fear,1
frighten,fear,1
frightened,fear,1
frightful,fear,1
fugitive,fear,1
fury,fear,1
gallows,fear,1
gang,fear,1
gash,fear,1
gasping,fear,1
gent,fear,1
ghastly,fear,1
ghetto,fear,1
ghost,fear,1
ghostly,fear,1
giant,fear,1
gladiator,fear,1
glare,fear,1
gnome,fear,1
goblin,fear,1
god,fear,1
gonorrhea,fear,1
gore,fear,1
gory,fear,1
government,fear,1
graduation,fear,1
grave,fear,1
grenade,fear,1
grieve,fear,1
grievous,fear,1
grim,fear,1
grisly,fear,1
grizzly,fear,1
grope,fear,1
grounded,fear,1
growl,fear,1
growling,fear,1
guard,fear,1
guerilla,fear,1
guillotine,fear,1
gulp,fear,1
gun,fear,1
gunpowder,fear,1
hag,fear,1
hallucination,fear,1
halter,fear,1
halting,fear,1
hanging,fear,1
hangman,fear,1
harbinger,fear,1
hardened,fear,1
harm,fear,1
harmful,fear,1
harrowing,fear,1
harshness,fear,1
hate,fear,1
hateful,fear,1
hatred,fear,1
haunt,fear,1
haunted,fear,1
havoc,fear,1
hawk,fear,1
hazard,fear,1
hazardous,fear,1
haze,fear,1
hearing,fear,1
hearse,fear,1
heathen,fear,1
heft,fear,1
heighten,fear,1
hell,fear,1
hellish,fear,1
helmet,fear,1
helpless,fear,1
helplessness,fear,1
hemorrhage,fear,1
hesitation,fear,1
hide,fear,1
hideous,fear,1
hiding,fear,1
highest,fear,1
hiss,fear,1
holiness,fear,1
holocaust,fear,1
homeless,fear,1
homework,fear,1
homicidal,fear,1
homicide,fear,1
honest,fear,1
hood,fear,1
hooded,fear,1
hopeless,fear,1
hopelessness,fear,1
horrible,fear,1
horrid,fear,1
horrific,fear,1
horrified,fear,1
horrifying,fear,1
horror,fear,1
horrors,fear,1
hospital,fear,1
hostage,fear,1
hostile,fear,1
hostilities,fear,1
howl,fear,1
hunter,fear,1
hunting,fear,1
hurricane,fear,1
hurt,fear,1
hurtful,fear,1
hurting,fear,1
hydra,fear,1
hydrocephalus,fear,1
hypertrophy,fear,1
hysteria,fear,1
hysterical,fear,1
idolatry,fear,1
ill,fear,1
illegal,fear,1
illegality,fear,1
illegitimate,fear,1
illicit,fear,1
illness,fear,1
immerse,fear,1
immigrant,fear,1
imminent,fear,1
immoral,fear,1
impeach,fear,1
impending,fear,1
impermeable,fear,1
impotence,fear,1
imprisoned,fear,1
imprisonment,fear,1
incarceration,fear,1
incase,fear,1
incendiary,fear,1
incest,fear,1
incite,fear,1
incrimination,fear,1
incubus,fear,1
incurable,fear,1
incursion,fear,1
indefensible,fear,1
indict,fear,1
indictment,fear,1
indifference,fear,1
indoctrination,fear,1
indomitable,fear,1
ineptitude,fear,1
inequality,fear,1
infamous,fear,1
infant,fear,1
infanticide,fear,1
infarct,fear,1
infection,fear,1
infectious,fear,1
inferno,fear,1
infestation,fear,1
infidel,fear,1
infidelity,fear,1
infirmity,fear,1
inflation,fear,1
inflict,fear,1
infliction,fear,1
inhuman,fear,1
injection,fear,1
injure,fear,1
injured,fear,1
injurious,fear,1
injury,fear,1
inmate,fear,1
insane,fear,1
insanity,fear,1
insecure,fear,1
insecurity,fear,1
insidious,fear,1
insolvency,fear,1
insolvent,fear,1
instability,fear,1
instinctive,fear,1
insulting,fear,1
insurmountable,fear,1
intelligence,fear,1
intense,fear,1
intercede,fear,1
interrogate,fear,1
interrogation,fear,1
interviewer,fear,1
intimately,fear,1
intimidate,fear,1
intimidation,fear,1
intolerance,fear,1
intolerant,fear,1
intrigue,fear,1
intruder,fear,1
intrusion,fear,1
intrusive,fear,1
invade,fear,1
invader,fear,1
iris,fear,1
irrational,fear,1
irreconcilable,fear,1
irreparable,fear,1
isolated,fear,1
jail,fear,1
jarring,fear,1
jaundice,fear,1
jaws,fear,1
jealousy,fear,1
jeopardize,fear,1
jeopardy,fear,1
journey,fear,1
jungle,fear,1
kerosene,fear,1
khan,fear,1
kidnap,fear,1
kill,fear,1
killing,fear,1
knell,fear,1
lace,fear,1
lament,fear,1
landslide,fear,1
languishing,fear,1
lash,fear,1
lava,fear,1
lawlessness,fear,1
lawsuit,fear,1
lawyer,fear,1
laxative,fear,1
leeches,fear,1
legalized,fear,1
leprosy,fear,1
lethal,fear,1
leukemia,fear,1
libel,fear,1
lifeless,fear,1
lightning,fear,1
lines,fear,1
lion,fear,1
litigate,fear,1
lockup,fear,1
locust,fear,1
loneliness,fear,1
lonely,fear,1
loom,fear,1
lose,fear,1
loss,fear,1
loyal,fear,1
lunacy,fear,1
lunatic,fear,1
lynch,fear,1
mace,fear,1
mad,fear,1
madden,fear,1
madman,fear,1
madness,fear,1
mafia,fear,1
mage,fear,1
malaria,fear,1
malevolent,fear,1
malice,fear,1
malicious,fear,1
malignancy,fear,1
malignant,fear,1
mandamus,fear,1
mange,fear,1
mangle,fear,1
maniac,fear,1
manifestation,fear,1
manipulation,fear,1
manslaughter,fear,1
marry,fear,1
martyr,fear,1
martyrdom,fear,1
masochism,fear,1
massacre,fear,1
measles,fear,1
medical,fear,1
melee,fear,1
menace,fear,1
menacing,fear,1
mercenary,fear,1
merciless,fear,1
mighty,fear,1
military,fear,1
militia,fear,1
miscarriage,fear,1
misconception,fear,1
misery,fear,1
misfortune,fear,1
mishap,fear,1
mislead,fear,1
missile,fear,1
missing,fear,1
mistaken,fear,1
mistrust,fear,1
moan,fear,1
mob,fear,1
molestation,fear,1
monster,fear,1
monstrosity,fear,1
morbidity,fear,1
morgue,fear,1
mortality,fear,1
mortgage,fear,1
mortgagor,fear,1
mortification,fear,1
mortuary,fear,1
mournful,fear,1
mug,fear,1
mum,fear,1
murder,fear,1
murderer,fear,1
murderous,fear,1
musket,fear,1
mutilation,fear,1
mutiny,fear,1
muzzle,fear,1
mysterious,fear,1
nasty,fear,1
nefarious,fear,1
nervous,fear,1
nervousness,fear,1
nether,fear,1
neuralgia,fear,1
neurosis,fear,1
neurotic,fear,1
newcomer,fear,1
nightmare,fear,1
noncompliance,fear,1
notoriety,fear,1
noxious,fear,1
nurture,fear,1
obey,fear,1
obi,fear,1
obliging,fear,1
obligor,fear,1
obliterate,fear,1
obliterated,fear,1
obliteration,fear,1
oblivion,fear,1
obstacle,fear,1
obstruct,fear,1
occult,fear,1
odious,fear,1
offender,fear,1
offense,fear,1
ogre,fear,1
omen,fear,1
ominous,fear,1
omnipotence,fear,1
opera,fear,1
operation,fear,1
opium,fear,1
opponent,fear,1
opposed,fear,1
oppress,fear,1
oppression,fear,1
oppressive,fear,1
oppressor,fear,1
orc,fear,1
ordnance,fear,1
orphan,fear,1
outburst,fear,1
outcast,fear,1
outcry,fear,1
outpost,fear,1
outsider,fear,1
overpowering,fear,1
overt,fear,1
overthrow,fear,1
owing,fear,1
pain,fear,1
pained,fear,1
painful,fear,1
palsy,fear,1
pandemic,fear,1
panic,fear,1
parachute,fear,1
parade,fear,1
paralysis,fear,1
paralyzed,fear,1
paranoia,fear,1
parasite,fear,1
pare,fear,1
penal,fear,1
penalty,fear,1
penance,fear,1
penetration,fear,1
perdition,fear,1
peril,fear,1
perilous,fear,1
perish,fear,1
perishing,fear,1
perjury,fear,1
pernicious,fear,1
perpetrator,fear,1
persecute,fear,1
persecution,fear,1
perturbation,fear,1
perverse,fear,1
pessimism,fear,1
pessimist,fear,1
pest,fear,1
pestilence,fear,1
phalanx,fear,1
phantom,fear,1
picket,fear,1
pillage,fear,1
pinion,fear,1
pitfall,fear,1
plague,fear,1
plea,fear,1
plight,fear,1
plummet,fear,1
plunder,fear,1
plunge,fear,1
pneumonia,fear,1
poaching,fear,1
poison,fear,1
poisoned,fear,1
poisonous,fear,1
police,fear,1
policeman,fear,1
polio,fear,1
posse,fear,1
possessed,fear,1
possession,fear,1
poverty,fear,1
powerful,fear,1
powerfully,fear,1
powerless,fear,1
pray,fear,1
precarious,fear,1
precipice,fear,1
predicament,fear,1
prejudiced,fear,1
premeditated,fear,1
prevent,fear,1
prey,fear,1
prick,fear,1
prison,fear,1
prisoner,fear,1
probation,fear,1
problem,fear,1
procedure,fear,1
prognosis,fear,1
prohibited,fear,1
projectile,fear,1
projectiles,fear,1
prosecute,fear,1
protestant,fear,1
prowl,fear,1
psychosis,fear,1
puma,fear,1
punch,fear,1
punish,fear,1
punished,fear,1
punishing,fear,1
punishment,fear,1
punitive,fear,1
purgatory,fear,1
purge,fear,1
quail,fear,1
quake,fear,1
quandary,fear,1
quarantine,fear,1
quash,fear,1
quiver,fear,1
quivering,fear,1
rabble,fear,1
rabid,fear,1
radiation,fear,1
radioactive,fear,1
radon,fear,1
raging,fear,1
raid,fear,1
rampage,fear,1
ransom,fear,1
rape,fear,1
raptors,fear,1
rascal,fear,1
rat,fear,1
rating,fear,1
rattlesnake,fear,1
ravenous,fear,1
ravine,fear,1
raving,fear,1
razor,fear,1
react,fear,1
rebel,fear,1
rebellion,fear,1
recesses,fear,1
recession,fear,1
reckless,fear,1
recklessness,fear,1
refutation,fear,1
regiment,fear,1
regulatory,fear,1
reject,fear,1
rejection,fear,1
rejects,fear,1
rekindle,fear,1
relapse,fear,1
reluctant,fear,1
remains,fear,1
remove,fear,1
repellant,fear,1
repellent,fear,1
repent,fear,1
repression,fear,1
reprisal,fear,1
repulsion,fear,1
resection,fear,1
resign,fear,1
resistant,fear,1
resisting,fear,1
restrain,fear,1
restrained,fear,1
restriction,fear,1
retaliation,fear,1
retard,fear,1
reticent,fear,1
retirement,fear,1
retrenchment,fear,1
retribution,fear,1
revenge,fear,1
revoke,fear,1
revolting,fear,1
revolution,fear,1
revolver,fear,1
revulsion,fear,1
rheumatism,fear,1
rifle,fear,1
rigor,fear,1
riot,fear,1
riotous,fear,1
risk,fear,1
risky,fear,1
rob,fear,1
robber,fear,1
robbery,fear,1
rod,fear,1
romance,fear,1
rot,fear,1
rubble,fear,1
ruin,fear,1
ruined,fear,1
ruinous,fear,1
rule,fear,1
rupture,fear,1
ruthless,fear,1
saber,fear,1
sabotage,fear,1
sacrifices,fear,1
sag,fear,1
samurai,fear,1
sarcoma,fear,1
savage,fear,1
savagery,fear,1
scaffold,fear,1
scalpel,fear,1
scandal,fear,1
scapegoat,fear,1
scar,fear,1
scarce,fear,1
scarcity,fear,1
scare,fear,1
scarecrow,fear,1
schizophrenia,fear,1
scold,fear,1
scorpion,fear,1
scoundrel,fear,1
scourge,fear,1
scrapie,fear,1
scream,fear,1
screaming,fear,1
screech,fear,1
seclusion,fear,1
sectarian,fear,1
seize,fear,1
seizure,fear,1
senile,fear,1
senseless,fear,1
sentence,fear,1
sepsis,fear,1
seriousness,fear,1
serpent,fear,1
servile,fear,1
settlor,fear,1
shackle,fear,1
shady,fear,1
shaking,fear,1
shaky,fear,1
shame,fear,1
shanghai,fear,1
shank,fear,1
shatter,fear,1
shell,fear,1
shipwreck,fear,1
shiver,fear,1
shock,fear,1
shoot,fear,1
shooter,fear,1
shooting,fear,1
shortage,fear,1
shot,fear,1
shrapnel,fear,1
shriek,fear,1
shrill,fear,1
shrink,fear,1
shudder,fear,1
sickening,fear,1
sickness,fear,1
sin,fear,1
sinful,fear,1
sinister,fear,1
sinner,fear,1
siren,fear,1
skid,fear,1
slam,fear,1
slaughter,fear,1
slaughterhouse,fear,1
slaughtering,fear,1
slave,fear,1
slavery,fear,1
slayer,fear,1
sly,fear,1
smash,fear,1
smite,fear,1
smuggle,fear,1
smuggler,fear,1
smut,fear,1
snake,fear,1
snare,fear,1
sneak,fear,1
sneaking,fear,1
socialism,fear,1
socialist,fear,1
sorcery,fear,1
sordid,fear,1
sorrow,fear,1
sortie,fear,1
soulless,fear,1
soulmate,fear,1
spank,fear,1
spasm,fear,1
spear,fear,1
specter,fear,1
speculation,fear,1
spider,fear,1
spike,fear,1
spinster,fear,1
spook,fear,1
sprite,fear,1
spur,fear,1
squall,fear,1
squeamish,fear,1
stab,fear,1
stalk,fear,1
standoff,fear,1
startle,fear,1
starvation,fear,1
steal,fear,1
stealing,fear,1
stealthy,fear,1
stifled,fear,1
stigma,fear,1
stillness,fear,1
sting,fear,1
stingy,fear,1
stint,fear,1
stormy,fear,1
straits,fear,1
stranger,fear,1
strangle,fear,1
stretcher,fear,1
stripped,fear,1
stroke,fear,1
struggle,fear,1
stunned,fear,1
subjugation,fear,1
subordinate,fear,1
subversion,fear,1
subvert,fear,1
sufferer,fear,1
suffering,fear,1
suffocating,fear,1
suffocation,fear,1
suicidal,fear,1
suicide,fear,1
sultan,fear,1
sunk,fear,1
superstition,fear,1
superstitious,fear,1
suppress,fear,1
suppression,fear,1
supremacy,fear,1
surgery,fear,1
surprise,fear,1
surrender,fear,1
surveillance,fear,1
suspect,fear,1
suspense,fear,1
suspension,fear,1
suspicion,fear,1
swamp,fear,1
swampy,fear,1
swastika,fear,1
sweat,fear,1
swelling,fear,1
swerve,fear,1
swim,fear,1
sympathetic,fear,1
syncope,fear,1
synonymous,fear,1
syringe,fear,1
taboo,fear,1
tactics,fear,1
talons,fear,1
taunt,fear,1
tearful,fear,1
teasing,fear,1
tempest,fear,1
terminal,fear,1
terrible,fear,1
terror,fear,1
terrorism,fear,1
terrorist,fear,1
terrorize,fear,1
theft,fear,1
theocratic,fear,1
thief,fear,1
thirteenth,fear,1
thorny,fear,1
thrash,fear,1
threat,fear,1
threaten,fear,1
threatening,fear,1
thresh,fear,1
thrill,fear,1
throb,fear,1
thug,fear,1
thumping,fear,1
thundering,fear,1
timid,fear,1
timidity,fear,1
toothache,fear,1
torment,fear,1
tornado,fear,1
torrent,fear,1
torture,fear,1
toughness,fear,1
towering,fear,1
toxin,fear,1
tract,fear,1
tragedy,fear,1
traitor,fear,1
tramp,fear,1
traumatic,fear,1
travesty,fear,1
treacherous,fear,1
treachery,fear,1
treason,fear,1
treat,fear,1
trembling,fear,1
tremor,fear,1
trepidation,fear,1
tribulation,fear,1
tribunal,fear,1
trickery,fear,1
troll,fear,1
troublesome,fear,1
tumor,fear,1
tumour,fear,1
tumult,fear,1
tumultuous,fear,1
turbulence,fear,1
turbulent,fear,1
turmoil,fear,1
typhoon,fear,1
tyrannical,fear,1
tyranny,fear,1
tyrant,fear,1
ugliness,fear,1
ulcer,fear,1
ultimatum,fear,1
unbridled,fear,1
uncanny,fear,1
uncertain,fear,1
undecided,fear,1
undesirable,fear,1
uneasy,fear,1
unemployed,fear,1
unequal,fear,1
unexpected,fear,1
unfriendly,fear,1
unhealthy,fear,1
unholy,fear,1
unjustifiable,fear,1
unkind,fear,1
unknown,fear,1
unlawful,fear,1
unlucky,fear,1
unnatural,fear,1
unrest,fear,1
unruly,fear,1
unsafe,fear,1
unsettled,fear,1
unspeakable,fear,1
unstable,fear,1
unsteady,fear,1
unsurpassed,fear,1
unthinkable,fear,1
upheaval,fear,1
uphill,fear,1
uprising,fear,1
urgency,fear,1
urgent,fear,1
usurped,fear,1
validity,fear,1
vampire,fear,1
vanished,fear,1
varicella,fear,1
veer,fear,1
vehement,fear,1
vendetta,fear,1
vengeful,fear,1
venom,fear,1
venomous,fear,1
verdict,fear,1
verge,fear,1
vermin,fear,1
vertigo,fear,1
victim,fear,1
victimized,fear,1
vigilant,fear,1
villain,fear,1
villainous,fear,1
violation,fear,1
violence,fear,1
violent,fear,1
violently,fear,1
viper,fear,1
virulence,fear,1
volatility,fear,1
volcano,fear,1
volunteer,fear,1
vulnerability,fear,1
vulture,fear,1
wail,fear,1
wan,fear,1
war,fear,1
warden,fear,1
ware,fear,1
warfare,fear,1
warlike,fear,1
warlock,fear,1
warn,fear,1
warned,fear,1
warning,fear,1
warrior,fear,1
wary,fear,1
wasting,fear,1
watch,fear,1
waver,fear,1
weakly,fear,1
weight,fear,1
weighty,fear,1
weirdo,fear,1
whimper,fear,1
whirlpool,fear,1
whirlwind,fear,1
wicked,fear,1
wilderness,fear,1
wildfire,fear,1
wimp,fear,1
wimpy,fear,1
wince,fear,1
witch,fear,1
witchcraft,fear,1
withstand,fear,1
woe,fear,1
worry,fear,1
worrying,fear,1
worse,fear,1
worship,fear,1
wound,fear,1
wrangling,fear,1
wrath,fear,1
wreck,fear,1
wrecked,fear,1
wrongly,fear,1
xenophobia,fear,1
yell,fear,1
yelp,fear,1
youth,fear,1
