absolution,Joy,1
abundance,Joy,1
abundant,Joy,1
accolade,Joy,1
accompaniment,Joy,1
accomplish,Joy,1
accomplished,Joy,1
achieve,Joy,1
achievement,Joy,1
acrobat,Joy,1
admirable,Joy,1
admiration,Joy,1
adorable,Joy,1
adoration,Joy,1
adore,Joy,1
advance,Joy,1
advent,Joy,1
advocacy,Joy,1
aesthetics,Joy,1
affection,Joy,1
affluence,Joy,1
alive,Joy,1
allure,Joy,1
aloha,Joy,1
amazingly,Joy,1
ambition,Joy,1
amen,Joy,1
amicable,Joy,1
amnesty,Joy,1
amour,Joy,1
amuse,Joy,1
amused,Joy,1
amusement,Joy,1
amusing,Joy,1
angel,Joy,1
angelic,Joy,1
animated,Joy,1
applause,Joy,1
appreciation,Joy,1
approve,Joy,1
ardent,Joy,1
art,Joy,1
aspiration,Joy,1
aspire,Joy,1
aspiring,Joy,1
astonishment,Joy,1
atone,Joy,1
auspicious,Joy,1
authentic,Joy,1
award,Joy,1
baby,Joy,1
balm,Joy,1
banquet,Joy,1
baptismal,Joy,1
basketball,Joy,1
beach,Joy,1
beam,Joy,1
beaming,Joy,1
beautification,Joy,1
beautiful,Joy,1
beautify,Joy,1
beauty,Joy,1
beer,Joy,1
befriend,Joy,1
benevolence,Joy,1
benign,Joy,1
betrothed,Joy,1
birth,Joy,1
birthday,Joy,1
bless,Joy,1
blessed,Joy,1
blessing,Joy,1
blessings,Joy,1
bliss,Joy,1
blissful,Joy,1
bloom,Joy,1
blossom,Joy,1
boisterous,Joy,1
bonanza,Joy,1
bonus,Joy,1
bountiful,Joy,1
bounty,Joy,1
bouquet,Joy,1
bridal,Joy,1
bride,Joy,1
bridegroom,Joy,1
bridesmaid,Joy,1
brighten,Joy,1
brilliant,Joy,1
brotherly,Joy,1
buddy,Joy,1
buss,Joy,1
calf,Joy,1
candid,Joy,1
captivate,Joy,1
carol,Joy,1
cash,Joy,1
cathedral,Joy,1
celebrated,Joy,1
celebrating,Joy,1
celebration,Joy,1
celebrity,Joy,1
celestial,Joy,1
ceremony,Joy,1
champion,Joy,1
chant,Joy,1
charitable,Joy,1
charity,Joy,1
charmed,Joy,1
cheer,Joy,1
cheerful,Joy,1
cheerfulness,Joy,1
cheering,Joy,1
cheery,Joy,1
cherish,Joy,1
child,Joy,1
childhood,Joy,1
chirp,Joy,1
chocolate,Joy,1
choir,Joy,1
choral,Joy,1
chuckle,Joy,1
church,Joy,1
civilized,Joy,1
clap,Joy,1
classics,Joy,1
clean,Joy,1
climax,Joy,1
closeness,Joy,1
closure,Joy,1
clown,Joy,1
comfort,Joy,1
commemorate,Joy,1
commemoration,Joy,1
commendable,Joy,1
communion,Joy,1
companion,Joy,1
compensate,Joy,1
complement,Joy,1
completing,Joy,1
completion,Joy,1
compliment,Joy,1
conciliation,Joy,1
confidence,Joy,1
confident,Joy,1
congratulatory,Joy,1
connoisseur,Joy,1
consecration,Joy,1
content,Joy,1
coronation,Joy,1
courtship,Joy,1
cove,Joy,1
cradle,Joy,1
cream,Joy,1
create,Joy,1
crescendo,Joy,1
crowning,Joy,1
cuddle,Joy,1
dance,Joy,1
darling,Joy,1
daughter,Joy,1
dawn,Joy,1
deal,Joy,1
delicious,Joy,1
delight,Joy,1
delighted,Joy,1
delightful,Joy,1
deliverance,Joy,1
demonstrative,Joy,1
destination,Joy,1
devout,Joy,1
diamond,Joy,1
diary,Joy,1
ditty,Joy,1
doll,Joy,1
dolphin,Joy,1
dove,Joy,1
eager,Joy,1
eagerness,Joy,1
ecstasy,Joy,1
ecstatic,Joy,1
edification,Joy,1
ejaculation,Joy,1
elated,Joy,1
electric,Joy,1
elegance,Joy,1
elegant,Joy,1
elevation,Joy,1
elite,Joy,1
emancipation,Joy,1
embrace,Joy,1
enchant,Joy,1
enchanted,Joy,1
enchanting,Joy,1
encourage,Joy,1
endless,Joy,1
engaged,Joy,1
engaging,Joy,1
enjoy,Joy,1
enjoying,Joy,1
enlighten,Joy,1
enlightenment,Joy,1
enliven,Joy,1
entertain,Joy,1
entertained,Joy,1
entertaining,Joy,1
entertainment,Joy,1
enthusiasm,Joy,1
enthusiast,Joy,1
equality,Joy,1
erotic,Joy,1
established,Joy,1
esteem,Joy,1
evergreen,Joy,1
exalt,Joy,1
exaltation,Joy,1
exalted,Joy,1
exceed,Joy,1
excel,Joy,1
excellence,Joy,1
excellent,Joy,1
excitation,Joy,1
excite,Joy,1
excited,Joy,1
excitement,Joy,1
exciting,Joy,1
exhilaration,Joy,1
expedient,Joy,1
exquisite,Joy,1
exuberance,Joy,1
fain,Joy,1
faith,Joy,1
familiarity,Joy,1
fancy,Joy,1
fanfare,Joy,1
favorable,Joy,1
favorite,Joy,1
feat,Joy,1
feeling,Joy,1
felicity,Joy,1
fervor,Joy,1
festival,Joy,1
festive,Joy,1
fete,Joy,1
fidelity,Joy,1
fiesta,Joy,1
finally,Joy,1
firstborn,Joy,1
fitting,Joy,1
flattering,Joy,1
flirt,Joy,1
fondness,Joy,1
food,Joy,1
football,Joy,1
forefathers,Joy,1
fortitude,Joy,1
fortune,Joy,1
found,Joy,1
fraternal,Joy,1
freedom,Joy,1
freely,Joy,1
friend,Joy,1
friendliness,Joy,1
friendly,Joy,1
friendship,Joy,1
frisky,Joy,1
frolic,Joy,1
fulfill,Joy,1
fulfillment,Joy,1
fun,Joy,1
gain,Joy,1
garden,Joy,1
gem,Joy,1
generosity,Joy,1
generous,Joy,1
genial,Joy,1
gift,Joy,1
giggle,Joy,1
glad,Joy,1
gladness,Joy,1
glee,Joy,1
glide,Joy,1
glimmer,Joy,1
glitter,Joy,1
glorification,Joy,1
glorify,Joy,1
glory,Joy,1
glow,Joy,1
god,Joy,1
godly,Joy,1
godsend,Joy,1
good,Joy,1
goodness,Joy,1
gorgeous,Joy,1
graduation,Joy,1
grandchildren,Joy,1
grant,Joy,1
gratify,Joy,1
gratitude,Joy,1
greatness,Joy,1
green,Joy,1
grin,Joy,1
grow,Joy,1
gush,Joy,1
happily,Joy,1
happiness,Joy,1
happy,Joy,1
hardy,Joy,1
harmoniously,Joy,1
harmony,Joy,1
harvest,Joy,1
heal,Joy,1
healing,Joy,1
healthful,Joy,1
heartfelt,Joy,1
heartily,Joy,1
heavenly,Joy,1
heavens,Joy,1
hedonism,Joy,1
helpful,Joy,1
hero,Joy,1
heroic,Joy,1
heroism,Joy,1
heyday,Joy,1
highest,Joy,1
hilarious,Joy,1
hilarity,Joy,1
hire,Joy,1
hobby,Joy,1
holiday,Joy,1
holiness,Joy,1
honest,Joy,1
honeymoon,Joy,1
hope,Joy,1
hopeful,Joy,1
hug,Joy,1
humanitarian,Joy,1
humanity,Joy,1
humorous,Joy,1
hurrah,Joy,1
hymn,Joy,1
illuminate,Joy,1
illumination,Joy,1
immaculate,Joy,1
immerse,Joy,1
improve,Joy,1
improvement,Joy,1
inauguration,Joy,1
income,Joy,1
independence,Joy,1
infant,Joy,1
infinity,Joy,1
inheritance,Joy,1
inseparable,Joy,1
inspiration,Joy,1
inspire,Joy,1
inspired,Joy,1
intelligence,Joy,1
intense,Joy,1
intimate,Joy,1
intimately,Joy,1
invite,Joy,1
inviting,Joy,1
jackpot,Joy,1
jest,Joy,1
joker,Joy,1
journey,Joy,1
jovial,Joy,1
joy,Joy,1
joyful,Joy,1
joyous,Joy,1
jubilant,Joy,1
jubilee,Joy,1
jump,Joy,1
kind,Joy,1
kindred,Joy,1
kiss,Joy,1
kitten,Joy,1
kudos,Joy,1
labor,Joy,1
lamb,Joy,1
laugh,Joy,1
laughing,Joy,1
laughter,Joy,1
laurels,Joy,1
legalized,Joy,1
leisure,Joy,1
liberate,Joy,1
liberation,Joy,1
liberty,Joy,1
liking,Joy,1
liquor,Joy,1
lovable,Joy,1
love,Joy,1
lovely,Joy,1
lovemaking,Joy,1
lover,Joy,1
loving,Joy,1
loyal,Joy,1
luck,Joy,1
lucky,Joy,1
luscious,Joy,1
luster,Joy,1
luxurious,Joy,1
luxury,Joy,1
lyre,Joy,1
lyrical,Joy,1
magical,Joy,1
magnificence,Joy,1
magnificent,Joy,1
majestic,Joy,1
majority,Joy,1
marriage,Joy,1
marrow,Joy,1
marry,Joy,1
marvelous,Joy,1
marvelously,Joy,1
massage,Joy,1
masterpiece,Joy,1
mastery,Joy,1
matrimony,Joy,1
medal,Joy,1
meditate,Joy,1
memorable,Joy,1
meritorious,Joy,1
merriment,Joy,1
merry,Joy,1
midwife,Joy,1
mighty,Joy,1
ministry,Joy,1
miracle,Joy,1
miraculous,Joy,1
mirth,Joy,1
money,Joy,1
morals,Joy,1
mother,Joy,1
motherhood,Joy,1
music,Joy,1
musical,Joy,1
nap,Joy,1
notable,Joy,1
nursery,Joy,1
nurture,Joy,1
oasis,Joy,1
obliging,Joy,1
obtainable,Joy,1
opera,Joy,1
opportune,Joy,1
optimism,Joy,1
orchestra,Joy,1
ordination,Joy,1
organ,Joy,1
organization,Joy,1
orgasm,Joy,1
outburst,Joy,1
outstanding,Joy,1
overjoyed,Joy,1
parade,Joy,1
paragon,Joy,1
passion,Joy,1
passionate,Joy,1
pastor,Joy,1
pastry,Joy,1
pay,Joy,1
peace,Joy,1
peaceful,Joy,1
perfect,Joy,1
perfection,Joy,1
picnic,Joy,1
picturesque,Joy,1
playful,Joy,1
playground,Joy,1
playhouse,Joy,1
pleasant,Joy,1
pleased,Joy,1
pleasurable,Joy,1
pledge,Joy,1
possess,Joy,1
powerful,Joy,1
practiced,Joy,1
praise,Joy,1
praised,Joy,1
praiseworthy,Joy,1
pray,Joy,1
precious,Joy,1
present,Joy,1
preservative,Joy,1
prestige,Joy,1
presto,Joy,1
pretty,Joy,1
prevail,Joy,1
pride,Joy,1
priesthood,Joy,1
princely,Joy,1
privileged,Joy,1
procession,Joy,1
proficiency,Joy,1
progress,Joy,1
progression,Joy,1
promise,Joy,1
prosper,Joy,1
prosperous,Joy,1
proud,Joy,1
providing,Joy,1
purify,Joy,1
purr,Joy,1
quaint,Joy,1
radiance,Joy,1
radiant,Joy,1
rapt,Joy,1
rapture,Joy,1
rave,Joy,1
raving,Joy,1
readiness,Joy,1
receiving,Joy,1
reconciliation,Joy,1
recreation,Joy,1
recreational,Joy,1
rejoice,Joy,1
rejoicing,Joy,1
rekindle,Joy,1
remarkable,Joy,1
remedy,Joy,1
renovation,Joy,1
repay,Joy,1
reproductive,Joy,1
rescue,Joy,1
resources,Joy,1
respect,Joy,1
respite,Joy,1
resplendent,Joy,1
restorative,Joy,1
retirement,Joy,1
revel,Joy,1
revels,Joy,1
revere,Joy,1
reverence,Joy,1
reverend,Joy,1
reverie,Joy,1
revival,Joy,1
reward,Joy,1
rhythmical,Joy,1
ribbon,Joy,1
rising,Joy,1
roadster,Joy,1
rollicking,Joy,1
romance,Joy,1
romantic,Joy,1
romanticism,Joy,1
romp,Joy,1
safe,Joy,1
saint,Joy,1
saintly,Joy,1
salary,Joy,1
salutary,Joy,1
salute,Joy,1
salvation,Joy,1
sanctification,Joy,1
sanctify,Joy,1
sanctuary,Joy,1
satisfied,Joy,1
save,Joy,1
savor,Joy,1
scholarship,Joy,1
score,Joy,1
sensational,Joy,1
sensual,Joy,1
sensuality,Joy,1
sensuous,Joy,1
serenity,Joy,1
sex,Joy,1
share,Joy,1
shining,Joy,1
shopping,Joy,1
silly,Joy,1
simplify,Joy,1
sing,Joy,1
smile,Joy,1
smiling,Joy,1
sonnet,Joy,1
sonorous,Joy,1
soothing,Joy,1
soundness,Joy,1
spa,Joy,1
spaniel,Joy,1
sparkle,Joy,1
special,Joy,1
spirits,Joy,1
splendid,Joy,1
splendor,Joy,1
spouse,Joy,1
star,Joy,1
starry,Joy,1
sterling,Joy,1
strengthening,Joy,1
sublimation,Joy,1
succeed,Joy,1
succeeding,Joy,1
success,Joy,1
successful,Joy,1
sun,Joy,1
sunny,Joy,1
sunshine,Joy,1
superman,Joy,1
superstar,Joy,1
supporter,Joy,1
supremacy,Joy,1
surprise,Joy,1
sweet,Joy,1
sweetheart,Joy,1
sweets,Joy,1
swim,Joy,1
symmetry,Joy,1
sympathetic,Joy,1
symphony,Joy,1
synchronize,Joy,1
tantalizing,Joy,1
teach,Joy,1
tender,Joy,1
tenderness,Joy,1
thankful,Joy,1
thanksgiving,Joy,1
therapeutic,Joy,1
thrill,Joy,1
thrilling,Joy,1
thriving,Joy,1
tickle,Joy,1
tinsel,Joy,1
toast,Joy,1
tranquil,Joy,1
tranquility,Joy,1
transcendence,Joy,1
treasure,Joy,1
treat,Joy,1
tree,Joy,1
triumph,Joy,1
triumphant,Joy,1
trophy,Joy,1
truce,Joy,1
TRUE,Joy,1
twinkle,Joy,1
unbeaten,Joy,1
unconstrained,Joy,1
undying,Joy,1
unexpected,Joy,1
unification,Joy,1
unsurpassed,Joy,1
untie,Joy,1
uplift,Joy,1
utopian,Joy,1
vacation,Joy,1
venerable,Joy,1
veracity,Joy,1
vernal,Joy,1
victor,Joy,1
victorious,Joy,1
victory,Joy,1
vindication,Joy,1
virtuous,Joy,1
visionary,Joy,1
visitor,Joy,1
vitality,Joy,1
vivacious,Joy,1
vivid,Joy,1
volunteer,Joy,1
voluptuous,Joy,1
vote,Joy,1
vow,Joy,1
wages,Joy,1
wealth,Joy,1
weight,Joy,1
welcomed,Joy,1
whim,Joy,1
whimsical,Joy,1
white,Joy,1
whiteness,Joy,1
winner,Joy,1
winning,Joy,1
winnings,Joy,1
witty,Joy,1
wonderful,Joy,1
wonderfully,Joy,1
worship,Joy,1
yearning,Joy,1
young,Joy,1
youth,Joy,1
zeal,Joy,1
zealous,Joy,1
zest,Joy,1
