abba,Positive,1
ability,Positive,1
abovementioned,Positive,1
absolute,Positive,1
absolution,Positive,1
absorbed,Positive,1
abundance,Positive,1
abundant,Positive,1
academic,Positive,1
academy,Positive,1
acceptable,Positive,1
acceptance,Positive,1
accessible,Positive,1
accolade,Positive,1
accommodation,Positive,1
accompaniment,Positive,1
accomplish,Positive,1
accomplished,Positive,1
accomplishment,Positive,1
accord,Positive,1
accountability,Positive,1
accountable,Positive,1
accredited,Positive,1
accueil,Positive,1
accurate,Positive,1
ace,Positive,1
achieve,Positive,1
achievement,Positive,1
acknowledgment,Positive,1
acquire,Positive,1
acquiring,Positive,1
acrobat,Positive,1
action,Positive,1
actual,Positive,1
acuity,Positive,1
acumen,Positive,1
adapt,Positive,1
adaptable,Positive,1
addresses,Positive,1
adept,Positive,1
adequacy,Positive,1
adjunct,Positive,1
admirable,Positive,1
admiral,Positive,1
admiration,Positive,1
admire,Positive,1
admirer,Positive,1
admissible,Positive,1
adorable,Positive,1
adoration,Positive,1
adore,Positive,1
advance,Positive,1
advanced,Positive,1
advancement,Positive,1
advantage,Positive,1
advantageous,Positive,1
advent,Positive,1
adventure,Positive,1
adventurous,Positive,1
advisable,Positive,1
advise,Positive,1
adviser,Positive,1
advocacy,Positive,1
aesthetic,Positive,1
aesthetics,Positive,1
affable,Positive,1
affection,Positive,1
affiliated,Positive,1
affirm,Positive,1
affirmation,Positive,1
affirmative,Positive,1
affirmatively,Positive,1
affluence,Positive,1
affluent,Positive,1
afford,Positive,1
aga,Positive,1
agile,Positive,1
agility,Positive,1
agree,Positive,1
agreeable,Positive,1
agreed,Positive,1
agreeing,Positive,1
agreement,Positive,1
agriculture,Positive,1
ahead,Positive,1
aid,Positive,1
aiding,Positive,1
alabaster,Positive,1
alertness,Positive,1
alimentation,Positive,1
alive,Positive,1
allay,Positive,1
allegiance,Positive,1
allegro,Positive,1
alleviate,Positive,1
alleviation,Positive,1
allied,Positive,1
allowable,Positive,1
allure,Positive,1
alluring,Positive,1
ally,Positive,1
almighty,Positive,1
aloha,Positive,1
amazingly,Positive,1
ambassador,Positive,1
ambition,Positive,1
ameliorate,Positive,1
amen,Positive,1
amenable,Positive,1
amend,Positive,1
amends,Positive,1
amenity,Positive,1
amiable,Positive,1
amicable,Positive,1
amnesty,Positive,1
amour,Positive,1
amuse,Positive,1
amused,Positive,1
amusement,Positive,1
amusing,Positive,1
analyst,Positive,1
anchor,Positive,1
anchorage,Positive,1
angel,Positive,1
angelic,Positive,1
animate,Positive,1
animated,Positive,1
antibiotics,Positive,1
antidote,Positive,1
antifungal,Positive,1
antique,Positive,1
antiseptic,Positive,1
aplomb,Positive,1
apologetic,Positive,1
apologize,Positive,1
apology,Positive,1
apostle,Positive,1
applause,Positive,1
appreciation,Positive,1
approbation,Positive,1
approval,Positive,1
approve,Positive,1
approving,Positive,1
apt,Positive,1
aptitude,Positive,1
archaeology,Positive,1
ardent,Positive,1
ardor,Positive,1
aristocracy,Positive,1
aristocratic,Positive,1
armed,Positive,1
armor,Positive,1
aroma,Positive,1
arouse,Positive,1
array,Positive,1
art,Positive,1
articulate,Positive,1
articulation,Positive,1
artisan,Positive,1
artiste,Positive,1
artistic,Positive,1
ascendancy,Positive,1
ascent,Positive,1
aspiration,Positive,1
aspire,Positive,1
aspiring,Positive,1
assembly,Positive,1
assent,Positive,1
asserting,Positive,1
assets,Positive,1
assist,Positive,1
assistance,Positive,1
associate,Positive,1
assuage,Positive,1
assurance,Positive,1
assured,Positive,1
astonishingly,Positive,1
astonishment,Positive,1
astrologer,Positive,1
astronaut,Positive,1
astronomer,Positive,1
astute,Positive,1
athlete,Positive,1
athletic,Positive,1
atom,Positive,1
atone,Positive,1
atonement,Positive,1
attachment,Positive,1
attainable,Positive,1
attainment,Positive,1
attendant,Positive,1
attention,Positive,1
attentive,Positive,1
attest,Positive,1
attorney,Positive,1
attraction,Positive,1
attractiveness,Positive,1
augment,Positive,1
august,Positive,1
aunt,Positive,1
aura,Positive,1
auspicious,Positive,1
authentic,Positive,1
authenticity,Positive,1
author,Positive,1
authoritative,Positive,1
authority,Positive,1
authorization,Positive,1
authorized,Positive,1
avatar,Positive,1
award,Positive,1
ay,Positive,1
aye,Positive,1
baby,Positive,1
baccalaureate,Positive,1
backbone,Positive,1
balance,Positive,1
balanced,Positive,1
ballad,Positive,1
ballet,Positive,1
ballot,Positive,1
balm,Positive,1
balsam,Positive,1
banquet,Positive,1
baptism,Positive,1
baptismal,Positive,1
bard,Positive,1
bargain,Positive,1
basketball,Positive,1
bastion,Positive,1
bath,Positive,1
beam,Positive,1
beaming,Positive,1
beautification,Positive,1
beautiful,Positive,1
beautify,Positive,1
beauty,Positive,1
bedrock,Positive,1
beer,Positive,1
befitting,Positive,1
befriend,Positive,1
believing,Positive,1
benefactor,Positive,1
beneficial,Positive,1
benefit,Positive,1
benevolence,Positive,1
benign,Positive,1
berth,Positive,1
betrothed,Positive,1
betterment,Positive,1
beverage,Positive,1
biblical,Positive,1
bilingual,Positive,1
birth,Positive,1
birthday,Positive,1
blameless,Positive,1
bless,Positive,1
blessed,Positive,1
blessing,Positive,1
blessings,Positive,1
bliss,Positive,1
blissful,Positive,1
bloodless,Positive,1
bloom,Positive,1
blossom,Positive,1
boast,Positive,1
bodyguard,Positive,1
boisterous,Positive,1
bold,Positive,1
boldness,Positive,1
bolster,Positive,1
bonanza,Positive,1
bonne,Positive,1
bonus,Positive,1
bookish,Positive,1
bookshop,Positive,1
bookworm,Positive,1
boon,Positive,1
bountiful,Positive,1
bounty,Positive,1
bouquet,Positive,1
brains,Positive,1
bravery,Positive,1
breakfast,Positive,1
bridal,Positive,1
bride,Positive,1
bridegroom,Positive,1
bridesmaid,Positive,1
brighten,Positive,1
brightness,Positive,1
brilliant,Positive,1
brocade,Positive,1
brother,Positive,1
brotherhood,Positive,1
brotherly,Positive,1
buck,Positive,1
buddy,Positive,1
build,Positive,1
building,Positive,1
bulldog,Positive,1
bulletproof,Positive,1
buoy,Positive,1
buss,Positive,1
butler,Positive,1
buttery,Positive,1
buxom,Positive,1
buzz,Positive,1
cab,Positive,1
cabinet,Positive,1
cafe,Positive,1
calculator,Positive,1
calf,Positive,1
calm,Positive,1
canary,Positive,1
candid,Positive,1
candidate,Positive,1
candied,Positive,1
capitalist,Positive,1
captain,Positive,1
captivate,Positive,1
captivating,Positive,1
career,Positive,1
careful,Positive,1
carefully,Positive,1
caress,Positive,1
caretaker,Positive,1
carol,Positive,1
cascade,Positive,1
cash,Positive,1
categorical,Positive,1
cater,Positive,1
cathartic,Positive,1
cathedral,Positive,1
cautious,Positive,1
cautiously,Positive,1
celebrated,Positive,1
celebrating,Positive,1
celebration,Positive,1
celebrity,Positive,1
celestial,Positive,1
center,Positive,1
centurion,Positive,1
cerebral,Positive,1
ceremony,Positive,1
certainty,Positive,1
chairman,Positive,1
chairwoman,Positive,1
champion,Positive,1
chant,Positive,1
charger,Positive,1
charitable,Positive,1
charity,Positive,1
charm,Positive,1
charmed,Positive,1
charming,Positive,1
chastity,Positive,1
chattering,Positive,1
checklist,Positive,1
cheer,Positive,1
cheerful,Positive,1
cheerfulness,Positive,1
cheering,Positive,1
cheery,Positive,1
chemist,Positive,1
cherish,Positive,1
cherry,Positive,1
chieftain,Positive,1
child,Positive,1
childhood,Positive,1
chirp,Positive,1
chisel,Positive,1
chivalry,Positive,1
chocolate,Positive,1
choice,Positive,1
choir,Positive,1
choral,Positive,1
chorus,Positive,1
chosen,Positive,1
chowder,Positive,1
chronicle,Positive,1
chuckle,Positive,1
church,Positive,1
cider,Positive,1
circumcision,Positive,1
circumvention,Positive,1
citizen,Positive,1
civil,Positive,1
civility,Positive,1
civilization,Positive,1
civilized,Positive,1
clairvoyant,Positive,1
clap,Positive,1
clarify,Positive,1
classic,Positive,1
classical,Positive,1
classics,Positive,1
classify,Positive,1
clean,Positive,1
cleaning,Positive,1
cleanliness,Positive,1
cleanly,Positive,1
cleanse,Positive,1
cleansing,Positive,1
clearance,Positive,1
clearness,Positive,1
clerical,Positive,1
clever,Positive,1
cleverness,Positive,1
climax,Positive,1
closeness,Positive,1
closure,Positive,1
clothe,Positive,1
clown,Positive,1
coalition,Positive,1
coast,Positive,1
coexist,Positive,1
cogent,Positive,1
cognitive,Positive,1
coherence,Positive,1
coherent,Positive,1
cohesive,Positive,1
collectively,Positive,1
colonel,Positive,1
colossal,Positive,1
comfort,Positive,1
commandant,Positive,1
commanding,Positive,1
commemorate,Positive,1
commemoration,Positive,1
commemorative,Positive,1
commend,Positive,1
commendable,Positive,1
commentator,Positive,1
committed,Positive,1
commodore,Positive,1
commonwealth,Positive,1
communicate,Positive,1
communicative,Positive,1
communion,Positive,1
community,Positive,1
commutation,Positive,1
commute,Positive,1
companion,Positive,1
compassion,Positive,1
compassionate,Positive,1
compatibility,Positive,1
compatible,Positive,1
compelling,Positive,1
compensate,Positive,1
compensatory,Positive,1
competence,Positive,1
competency,Positive,1
competent,Positive,1
complacency,Positive,1
complement,Positive,1
complementary,Positive,1
completely,Positive,1
completeness,Positive,1
completing,Positive,1
completion,Positive,1
compliance,Positive,1
compliant,Positive,1
complicity,Positive,1
compliment,Positive,1
composed,Positive,1
composer,Positive,1
composure,Positive,1
comprehend,Positive,1
comprehensive,Positive,1
comrade,Positive,1
concentric,Positive,1
conciliation,Positive,1
concluding,Positive,1
concord,Positive,1
concordance,Positive,1
condolence,Positive,1
condone,Positive,1
conducive,Positive,1
conductivity,Positive,1
confederate,Positive,1
confess,Positive,1
confidence,Positive,1
confident,Positive,1
confirmed,Positive,1
conformance,Positive,1
congenial,Positive,1
congratulatory,Positive,1
congregation,Positive,1
congruence,Positive,1
connoisseur,Positive,1
conscience,Positive,1
conscientious,Positive,1
consciousness,Positive,1
consecration,Positive,1
conservation,Positive,1
conserve,Positive,1
considerable,Positive,1
considerate,Positive,1
consistency,Positive,1
console,Positive,1
consonant,Positive,1
constancy,Positive,1
constant,Positive,1
constitutional,Positive,1
construct,Positive,1
consummate,Positive,1
contact,Positive,1
contemplation,Positive,1
content,Positive,1
continue,Positive,1
contour,Positive,1
contribute,Positive,1
contributor,Positive,1
convenience,Positive,1
convenient,Positive,1
convent,Positive,1
convention,Positive,1
conversant,Positive,1
conversational,Positive,1
convert,Positive,1
convince,Positive,1
cool,Positive,1
coolness,Positive,1
cooperate,Positive,1
cooperating,Positive,1
cooperation,Positive,1
cooperative,Positive,1
core,Positive,1
coronation,Positive,1
corporation,Positive,1
corporeal,Positive,1
corrective,Positive,1
correspondence,Positive,1
corroborate,Positive,1
cosmopolitan,Positive,1
cosy,Positive,1
council,Positive,1
counsel,Positive,1
counselor,Positive,1
count,Positive,1
countess,Positive,1
courage,Positive,1
courageous,Positive,1
courteous,Positive,1
courtesy,Positive,1
courtship,Positive,1
cove,Positive,1
covenant,Positive,1
cradle,Positive,1
craft,Positive,1
craftsman,Positive,1
cream,Positive,1
create,Positive,1
creative,Positive,1
credence,Positive,1
credential,Positive,1
credibility,Positive,1
credible,Positive,1
credit,Positive,1
creditable,Positive,1
credited,Positive,1
crescendo,Positive,1
critique,Positive,1
crowning,Positive,1
crucial,Positive,1
crystal,Positive,1
cuddle,Positive,1
culinary,Positive,1
culmination,Positive,1
cultivate,Positive,1
cultivated,Positive,1
cultivation,Positive,1
culture,Positive,1
cunning,Positive,1
curable,Positive,1
curiosity,Positive,1
curl,Positive,1
cushion,Positive,1
customer,Positive,1
cute,Positive,1
cutters,Positive,1
dame,Positive,1
dance,Positive,1
daring,Positive,1
darling,Positive,1
dashing,Positive,1
daughter,Positive,1
dawn,Positive,1
deal,Positive,1
dear,Positive,1
debate,Positive,1
decency,Positive,1
decent,Positive,1
declaratory,Positive,1
dedication,Positive,1
defend,Positive,1
defended,Positive,1
defender,Positive,1
defending,Positive,1
defense,Positive,1
deference,Positive,1
definitive,Positive,1
degree,Positive,1
delectable,Positive,1
delegate,Positive,1
deliberate,Positive,1
delicious,Positive,1
delight,Positive,1
delighted,Positive,1
delightful,Positive,1
deliverance,Positive,1
delivery,Positive,1
democracy,Positive,1
demonstrable,Positive,1
demonstrative,Positive,1
dependent,Positive,1
depth,Positive,1
descriptive,Positive,1
deserve,Positive,1
deserved,Positive,1
designer,Positive,1
desirable,Positive,1
desiring,Positive,1
desirous,Positive,1
destination,Positive,1
detect,Positive,1
detection,Positive,1
determination,Positive,1
determined,Positive,1
develop,Positive,1
devotional,Positive,1
devout,Positive,1
dexterity,Positive,1
diamond,Positive,1
diary,Positive,1
dictionary,Positive,1
didactic,Positive,1
dietary,Positive,1
dignified,Positive,1
dignity,Positive,1
diligence,Positive,1
dinner,Positive,1
diplomacy,Positive,1
diplomatic,Positive,1
director,Positive,1
discovery,Positive,1
discreet,Positive,1
discretion,Positive,1
discretionary,Positive,1
discussion,Positive,1
disinfection,Positive,1
disposed,Positive,1
disseminate,Positive,1
distillation,Positive,1
distinction,Positive,1
ditty,Positive,1
diverse,Positive,1
diversified,Positive,1
diversion,Positive,1
divinity,Positive,1
doctor,Positive,1
doer,Positive,1
dogged,Positive,1
dolphin,Positive,1
dominate,Positive,1
don,Positive,1
donation,Positive,1
doubtless,Positive,1
dove,Positive,1
downy,Positive,1
duet,Positive,1
duke,Positive,1
durability,Positive,1
durable,Positive,1
dutiful,Positive,1
eager,Positive,1
eagerness,Positive,1
earl,Positive,1
earn,Positive,1
earnest,Positive,1
earnestly,Positive,1
earnestness,Positive,1
ease,Positive,1
easement,Positive,1
easygoing,Positive,1
eat,Positive,1
ecstasy,Positive,1
ecstatic,Positive,1
edification,Positive,1
educate,Positive,1
educated,Positive,1
educational,Positive,1
effective,Positive,1
efficacy,Positive,1
efficiency,Positive,1
efficient,Positive,1
effort,Positive,1
ejaculation,Positive,1
elaboration,Positive,1
elated,Positive,1
elder,Positive,1
elders,Positive,1
elect,Positive,1
electric,Positive,1
electricity,Positive,1
elegance,Positive,1
elegant,Positive,1
elevation,Positive,1
eligible,Positive,1
elite,Positive,1
eloquence,Positive,1
eloquent,Positive,1
elucidate,Positive,1
emancipation,Positive,1
embrace,Positive,1
emeritus,Positive,1
eminence,Positive,1
eminent,Positive,1
eminently,Positive,1
emir,Positive,1
empathy,Positive,1
empower,Positive,1
emulate,Positive,1
enable,Positive,1
enablement,Positive,1
enchant,Positive,1
enchanted,Positive,1
enchanting,Positive,1
encore,Positive,1
encourage,Positive,1
encouragement,Positive,1
encyclopedia,Positive,1
endeavor,Positive,1
endless,Positive,1
endow,Positive,1
endowed,Positive,1
endowment,Positive,1
endurance,Positive,1
endure,Positive,1
energetic,Positive,1
enforce,Positive,1
engaged,Positive,1
engaging,Positive,1
enhance,Positive,1
enjoy,Positive,1
enjoying,Positive,1
enlighten,Positive,1
enlightenment,Positive,1
enliven,Positive,1
enrich,Positive,1
ensemble,Positive,1
ensign,Positive,1
enterprising,Positive,1
entertain,Positive,1
entertained,Positive,1
entertaining,Positive,1
entertainment,Positive,1
enthusiasm,Positive,1
enthusiast,Positive,1
environ,Positive,1
ephemeris,Positive,1
epic,Positive,1
epitome,Positive,1
equality,Positive,1
equally,Positive,1
equilibrium,Positive,1
equity,Positive,1
erotic,Positive,1
errand,Positive,1
erudite,Positive,1
escape,Positive,1
esprit,Positive,1
essential,Positive,1
established,Positive,1
esteem,Positive,1
esthetic,Positive,1
ethical,Positive,1
ethics,Positive,1
evergreen,Positive,1
everlasting,Positive,1
evident,Positive,1
evolution,Positive,1
exalt,Positive,1
exaltation,Positive,1
exalted,Positive,1
exceed,Positive,1
excel,Positive,1
excellence,Positive,1
excellent,Positive,1
exchange,Positive,1
excitable,Positive,1
excitation,Positive,1
excite,Positive,1
excited,Positive,1
excitement,Positive,1
exciting,Positive,1
exemplary,Positive,1
exemption,Positive,1
exhilaration,Positive,1
exhort,Positive,1
exhortation,Positive,1
existence,Positive,1
exotic,Positive,1
expect,Positive,1
expectation,Positive,1
expedient,Positive,1
expedition,Positive,1
experienced,Positive,1
expert,Positive,1
expertise,Positive,1
explain,Positive,1
exquisite,Positive,1
exquisitely,Positive,1
extend,Positive,1
extensive,Positive,1
extra,Positive,1
extraordinary,Positive,1
extricate,Positive,1
exuberance,Positive,1
facilitate,Positive,1
facts,Positive,1
faculty,Positive,1
fain,Positive,1
fair,Positive,1
fairly,Positive,1
faith,Positive,1
faithful,Positive,1
fame,Positive,1
familiar,Positive,1
familiarity,Positive,1
famous,Positive,1
famously,Positive,1
fancy,Positive,1
fanfare,Positive,1
fascinating,Positive,1
fascination,Positive,1
fashionable,Positive,1
faultless,Positive,1
favorable,Positive,1
favorite,Positive,1
favoritism,Positive,1
fearless,Positive,1
feat,Positive,1
feature,Positive,1
feeling,Positive,1
felicity,Positive,1
fellow,Positive,1
fellowship,Positive,1
female,Positive,1
fertile,Positive,1
fervor,Positive,1
festival,Positive,1
festive,Positive,1
fete,Positive,1
fidelity,Positive,1
fiesta,Positive,1
finally,Positive,1
finery,Positive,1
finesse,Positive,1
fireball,Positive,1
fireproof,Positive,1
firmness,Positive,1
firstborn,Positive,1
fitting,Positive,1
fixture,Positive,1
flattering,Positive,1
fleet,Positive,1
flexibility,Positive,1
flirt,Positive,1
floral,Positive,1
flow,Positive,1
flowery,Positive,1
flush,Positive,1
flying,Positive,1
focus,Positive,1
fondness,Positive,1
food,Positive,1
football,Positive,1
forbearance,Positive,1
fore,Positive,1
forefathers,Positive,1
foregoing,Positive,1
foreman,Positive,1
forerunner,Positive,1
foresee,Positive,1
foreseen,Positive,1
foresight,Positive,1
forge,Positive,1
forgive,Positive,1
forgiven,Positive,1
forgiving,Positive,1
formative,Positive,1
formula,Positive,1
forte,Positive,1
forthcoming,Positive,1
fortify,Positive,1
fortitude,Positive,1
fortress,Positive,1
fortunate,Positive,1
fortune,Positive,1
forward,Positive,1
found,Positive,1
foundation,Positive,1
fragrant,Positive,1
frank,Positive,1
frankness,Positive,1
fraternal,Positive,1
freedom,Positive,1
freely,Positive,1
friend,Positive,1
friendliness,Positive,1
friendly,Positive,1
friendship,Positive,1
frisky,Positive,1
frolic,Positive,1
frugal,Positive,1
fruitful,Positive,1
fulfill,Positive,1
fulfillment,Positive,1
full,Positive,1
fully,Positive,1
fun,Positive,1
fundamental,Positive,1
fuse,Positive,1
fusion,Positive,1
gain,Positive,1
gaining,Positive,1
gallant,Positive,1
gallantry,Positive,1
galore,Positive,1
garden,Positive,1
garnet,Positive,1
garrison,Positive,1
gazette,Positive,1
gear,Positive,1
gem,Positive,1
general,Positive,1
generosity,Positive,1
generous,Positive,1
genial,Positive,1
genius,Positive,1
genteel,Positive,1
gentleman,Positive,1
gentleness,Positive,1
gentry,Positive,1
genuine,Positive,1
geranium,Positive,1
gift,Positive,1
gifted,Positive,1
gigantic,Positive,1
giggle,Positive,1
girder,Positive,1
giving,Positive,1
glad,Positive,1
gladness,Positive,1
glee,Positive,1
glide,Positive,1
glimmer,Positive,1
glittering,Positive,1
glorification,Positive,1
glorify,Positive,1
glory,Positive,1
gloss,Positive,1
glow,Positive,1
glowing,Positive,1
god,Positive,1
godly,Positive,1
godsend,Positive,1
gold,Positive,1
good,Positive,1
goodly,Positive,1
goodness,Positive,1
goods,Positive,1
goodwill,Positive,1
gorgeous,Positive,1
gospel,Positive,1
govern,Positive,1
grace,Positive,1
graceful,Positive,1
gracious,Positive,1
graciously,Positive,1
graduation,Positive,1
grandchildren,Positive,1
grandeur,Positive,1
grandmother,Positive,1
grant,Positive,1
granted,Positive,1
grateful,Positive,1
gratify,Positive,1
gratitude,Positive,1
greater,Positive,1
greatness,Positive,1
green,Positive,1
greeting,Positive,1
gregarious,Positive,1
grin,Positive,1
grist,Positive,1
grit,Positive,1
groundwork,Positive,1
grow,Positive,1
growth,Positive,1
guarantee,Positive,1
guard,Positive,1
guardian,Positive,1
guardianship,Positive,1
gubernatorial,Positive,1
guidance,Positive,1
guide,Positive,1
guidebook,Positive,1
guru,Positive,1
guts,Positive,1
gymnast,Positive,1
habitat,Positive,1
hail,Positive,1
hale,Positive,1
handy,Positive,1
happily,Positive,1
happiness,Positive,1
happy,Positive,1
hardy,Positive,1
harmoniously,Positive,1
harmony,Positive,1
harvest,Positive,1
haven,Positive,1
headway,Positive,1
heal,Positive,1
healing,Positive,1
healthful,Positive,1
healthy,Positive,1
heartfelt,Positive,1
hearth,Positive,1
heartily,Positive,1
heavenly,Positive,1
heavens,Positive,1
hedonism,Positive,1
heft,Positive,1
helmet,Positive,1
helper,Positive,1
helpful,Positive,1
herbal,Positive,1
hero,Positive,1
heroic,Positive,1
heroics,Positive,1
heroine,Positive,1
heroism,Positive,1
heyday,Positive,1
highest,Positive,1
hilarious,Positive,1
hilarity,Positive,1
hire,Positive,1
hobby,Positive,1
holiday,Positive,1
holiness,Positive,1
holy,Positive,1
homage,Positive,1
homology,Positive,1
honest,Positive,1
honesty,Positive,1
honey,Positive,1
honeymoon,Positive,1
honor,Positive,1
honorable,Positive,1
hope,Positive,1
hopeful,Positive,1
horizon,Positive,1
hospitality,Positive,1
household,Positive,1
housekeeping,Positive,1
hug,Positive,1
humane,Positive,1
humanitarian,Positive,1
humanity,Positive,1
humble,Positive,1
humbled,Positive,1
humbly,Positive,1
humility,Positive,1
humorist,Positive,1
humorous,Positive,1
hurrah,Positive,1
husbandry,Positive,1
hush,Positive,1
hut,Positive,1
hygienic,Positive,1
hymn,Positive,1
idealism,Positive,1
idol,Positive,1
illuminate,Positive,1
illumination,Positive,1
illustrate,Positive,1
illustrious,Positive,1
imaginative,Positive,1
immaculate,Positive,1
immediately,Positive,1
immense,Positive,1
immerse,Positive,1
immortal,Positive,1
immovable,Positive,1
impart,Positive,1
impartial,Positive,1
impartiality,Positive,1
impeccable,Positive,1
impervious,Positive,1
importance,Positive,1
important,Positive,1
impress,Positive,1
impression,Positive,1
improve,Positive,1
improved,Positive,1
improvement,Positive,1
improving,Positive,1
improvise,Positive,1
inalienable,Positive,1
inauguration,Positive,1
incisive,Positive,1
include,Positive,1
included,Positive,1
including,Positive,1
inclusive,Positive,1
income,Positive,1
increase,Positive,1
indelible,Positive,1
indemnity,Positive,1
independence,Positive,1
indestructible,Positive,1
individuality,Positive,1
indomitable,Positive,1
ineffable,Positive,1
inexpensive,Positive,1
infallible,Positive,1
infant,Positive,1
infiltration,Positive,1
infinite,Positive,1
infinity,Positive,1
influence,Positive,1
influential,Positive,1
information,Positive,1
ingenious,Positive,1
inheritance,Positive,1
inimitable,Positive,1
innocence,Positive,1
innocent,Positive,1
innocently,Positive,1
innocuous,Positive,1
innovate,Positive,1
innovation,Positive,1
inquirer,Positive,1
inquiry,Positive,1
inquisitive,Positive,1
inseparable,Positive,1
insignia,Positive,1
inspector,Positive,1
inspiration,Positive,1
inspire,Positive,1
inspired,Positive,1
instinctive,Positive,1
instruct,Positive,1
instruction,Positive,1
instructor,Positive,1
instrumental,Positive,1
insure,Positive,1
intact,Positive,1
integrity,Positive,1
intellect,Positive,1
intellectual,Positive,1
intelligence,Positive,1
intelligent,Positive,1
intended,Positive,1
intense,Positive,1
intercourse,Positive,1
interest,Positive,1
interested,Positive,1
interesting,Positive,1
interior,Positive,1
interlocutory,Positive,1
interlude,Positive,1
interminable,Positive,1
intervention,Positive,1
intimate,Positive,1
intonation,Positive,1
intrepid,Positive,1
intuition,Positive,1
intuitive,Positive,1
invariably,Positive,1
inventive,Positive,1
inventor,Positive,1
investigate,Positive,1
invigorate,Positive,1
invitation,Positive,1
invite,Positive,1
inviting,Positive,1
iron,Positive,1
irreducible,Positive,1
irrefutable,Positive,1
jackpot,Positive,1
jam,Positive,1
jest,Positive,1
job,Positive,1
join,Positive,1
joined,Positive,1
joker,Positive,1
joking,Positive,1
journalist,Positive,1
journey,Positive,1
jovial,Positive,1
joy,Positive,1
joyful,Positive,1
joyous,Positive,1
jubilant,Positive,1
jubilee,Positive,1
judicial,Positive,1
judicious,Positive,1
jump,Positive,1
justice,Positive,1
justifiable,Positive,1
justification,Positive,1
keepsake,Positive,1
ken,Positive,1
keynote,Positive,1
keystone,Positive,1
kind,Positive,1
kindness,Positive,1
kindred,Positive,1
king,Positive,1
kiss,Positive,1
kitten,Positive,1
knack,Positive,1
knight,Positive,1
knowing,Positive,1
knowledge,Positive,1
kudos,Positive,1
labor,Positive,1
lace,Positive,1
lamb,Positive,1
land,Positive,1
landed,Positive,1
laser,Positive,1
laudable,Positive,1
laugh,Positive,1
laughing,Positive,1
laughter,Positive,1
launch,Positive,1
laureate,Positive,1
laurel,Positive,1
laurels,Positive,1
lavish,Positive,1
lawful,Positive,1
lead,Positive,1
leader,Positive,1
league,Positive,1
learn,Positive,1
learning,Positive,1
lecturer,Positive,1
leeway,Positive,1
legal,Positive,1
legalized,Positive,1
legendary,Positive,1
legibility,Positive,1
legible,Positive,1
leisure,Positive,1
leisurely,Positive,1
lemma,Positive,1
lenient,Positive,1
lesson,Positive,1
lettered,Positive,1
level,Positive,1
leverage,Positive,1
liberal,Positive,1
liberate,Positive,1
liberation,Positive,1
liberty,Positive,1
library,Positive,1
lifeblood,Positive,1
lighthouse,Positive,1
liking,Positive,1
linguist,Positive,1
lion,Positive,1
lithe,Positive,1
logical,Positive,1
longevity,Positive,1
lord,Positive,1
lordship,Positive,1
lovable,Positive,1
love,Positive,1
lovely,Positive,1
lovemaking,Positive,1
lover,Positive,1
loving,Positive,1
loyal,Positive,1
loyalty,Positive,1
luck,Positive,1
lucky,Positive,1
luscious,Positive,1
luster,Positive,1
lustrous,Positive,1
luxuriant,Positive,1
luxurious,Positive,1
luxury,Positive,1
lyre,Positive,1
lyrical,Positive,1
magical,Positive,1
magnet,Positive,1
magnetism,Positive,1
magnetite,Positive,1
magnificence,Positive,1
magnificent,Positive,1
maiden,Positive,1
main,Positive,1
mainstay,Positive,1
majestic,Positive,1
majesty,Positive,1
major,Positive,1
majority,Positive,1
manage,Positive,1
management,Positive,1
mandarin,Positive,1
manhood,Positive,1
manifested,Positive,1
manly,Positive,1
manna,Positive,1
mannered,Positive,1
manners,Positive,1
manufacturer,Positive,1
march,Positive,1
marked,Positive,1
marketable,Positive,1
marquis,Positive,1
marriage,Positive,1
marrow,Positive,1
marry,Positive,1
marshal,Positive,1
marvel,Positive,1
marvelous,Positive,1
marvelously,Positive,1
masculine,Positive,1
massage,Positive,1
master,Positive,1
masterpiece,Positive,1
mastery,Positive,1
mate,Positive,1
maternal,Positive,1
matrimony,Positive,1
matron,Positive,1
maximum,Positive,1
mayor,Positive,1
meadow,Positive,1
measured,Positive,1
medal,Positive,1
mediate,Positive,1
mediation,Positive,1
mediator,Positive,1
medical,Positive,1
meditate,Positive,1
mediterranean,Positive,1
medley,Positive,1
memento,Positive,1
memorable,Positive,1
mending,Positive,1
menses,Positive,1
mentor,Positive,1
merciful,Positive,1
mercy,Positive,1
merge,Positive,1
merit,Positive,1
meritorious,Positive,1
merriment,Positive,1
merry,Positive,1
metropolitan,Positive,1
mettle,Positive,1
microscopy,Positive,1
midwife,Positive,1
midwifery,Positive,1
mighty,Positive,1
mime,Positive,1
mindful,Positive,1
mindfulness,Positive,1
ministry,Positive,1
miracle,Positive,1
miraculous,Positive,1
mirth,Positive,1
missionary,Positive,1
model,Positive,1
moderate,Positive,1
moderator,Positive,1
modest,Positive,1
modesty,Positive,1
momentum,Positive,1
monetary,Positive,1
money,Positive,1
monk,Positive,1
monument,Positive,1
moral,Positive,1
morality,Positive,1
morals,Positive,1
mortar,Positive,1
mother,Positive,1
motherhood,Positive,1
motive,Positive,1
movable,Positive,1
mover,Positive,1
mug,Positive,1
muscular,Positive,1
music,Positive,1
musical,Positive,1
mutable,Positive,1
mutual,Positive,1
nap,Positive,1
naturalist,Positive,1
navigable,Positive,1
neatly,Positive,1
nectar,Positive,1
needle,Positive,1
negotiate,Positive,1
negotiator,Positive,1
neighbor,Positive,1
nerve,Positive,1
nestle,Positive,1
nobility,Positive,1
noble,Positive,1
nobleman,Positive,1
nomination,Positive,1
normality,Positive,1
notable,Positive,1
notables,Positive,1
noted,Positive,1
notion,Positive,1
notoriety,Positive,1
nourishment,Positive,1
numbers,Positive,1
nurse,Positive,1
nursery,Positive,1
nurture,Positive,1
nutritious,Positive,1
oak,Positive,1
oasis,Positive,1
oath,Positive,1
obedience,Positive,1
objective,Positive,1
obliging,Positive,1
observant,Positive,1
obtainable,Positive,1
obvious,Positive,1
occupant,Positive,1
occupation,Positive,1
occupy,Positive,1
offer,Positive,1
officer,Positive,1
offset,Positive,1
offshoot,Positive,1
omnipotence,Positive,1
omniscient,Positive,1
openness,Positive,1
opera,Positive,1
opportune,Positive,1
opportunity,Positive,1
optimism,Positive,1
optimist,Positive,1
option,Positive,1
optional,Positive,1
oracle,Positive,1
oration,Positive,1
orchestra,Positive,1
ordained,Positive,1
orderly,Positive,1
ordination,Positive,1
organic,Positive,1
organization,Positive,1
organize,Positive,1
organized,Positive,1
orgasm,Positive,1
originality,Positive,1
ornamented,Positive,1
ornate,Positive,1
outburst,Positive,1
outcome,Positive,1
outdo,Positive,1
outstanding,Positive,1
outward,Positive,1
overjoyed,Positive,1
overwhelming,Positive,1
ownership,Positive,1
pacific,Positive,1
pad,Positive,1
padding,Positive,1
paddle,Positive,1
palatable,Positive,1
palliative,Positive,1
panacea,Positive,1
panache,Positive,1
panier,Positive,1
paprika,Positive,1
parade,Positive,1
paragon,Positive,1
paramount,Positive,1
paraphrase,Positive,1
pardon,Positive,1
parentage,Positive,1
parietal,Positive,1
partake,Positive,1
participation,Positive,1
partner,Positive,1
partnership,Positive,1
passion,Positive,1
passionate,Positive,1
pastime,Positive,1
pastor,Positive,1
pastry,Positive,1
pasture,Positive,1
patent,Positive,1
patience,Positive,1
patient,Positive,1
patriarchal,Positive,1
patron,Positive,1
patronage,Positive,1
pay,Positive,1
peace,Positive,1
peaceable,Positive,1
peaceful,Positive,1
peacock,Positive,1
peck,Positive,1
peculiarity,Positive,1
pedigree,Positive,1
peerless,Positive,1
penchant,Positive,1
perceive,Positive,1
perceptible,Positive,1
perennial,Positive,1
perfect,Positive,1
perfection,Positive,1
performer,Positive,1
perk,Positive,1
permission,Positive,1
perpetuity,Positive,1
persistence,Positive,1
persistent,Positive,1
personable,Positive,1
pertinent,Positive,1
petroleum,Positive,1
pharmaceutical,Positive,1
philanthropist,Positive,1
philanthropy,Positive,1
philosopher,Positive,1
phoenix,Positive,1
phonetic,Positive,1
physician,Positive,1
physics,Positive,1
physiology,Positive,1
physique,Positive,1
pick,Positive,1
picnic,Positive,1
picturesque,Positive,1
piety,Positive,1
pill,Positive,1
pillow,Positive,1
pilot,Positive,1
pinnacle,Positive,1
pioneer,Positive,1
pious,Positive,1
pith,Positive,1
pivot,Positive,1
placid,Positive,1
planning,Positive,1
playful,Positive,1
playground,Positive,1
playhouse,Positive,1
pleasant,Positive,1
pleased,Positive,1
pleasurable,Positive,1
pledge,Positive,1
plenary,Positive,1
plentiful,Positive,1
plexus,Positive,1
plum,Positive,1
plumb,Positive,1
plush,Positive,1
ply,Positive,1
pointedly,Positive,1
police,Positive,1
policeman,Positive,1
polish,Positive,1
polished,Positive,1
polite,Positive,1
politeness,Positive,1
politic,Positive,1
pool,Positive,1
pope,Positive,1
popularity,Positive,1
popularized,Positive,1
population,Positive,1
portable,Positive,1
possess,Positive,1
potable,Positive,1
potency,Positive,1
powerful,Positive,1
powerfully,Positive,1
practice,Positive,1
practiced,Positive,1
practise,Positive,1
praise,Positive,1
praised,Positive,1
praiseworthy,Positive,1
pray,Positive,1
precaution,Positive,1
precede,Positive,1
precedence,Positive,1
precious,Positive,1
precise,Positive,1
precision,Positive,1
predilection,Positive,1
predominant,Positive,1
preeminent,Positive,1
prefer,Positive,1
premier,Positive,1
premises,Positive,1
prepare,Positive,1
prepared,Positive,1
prescient,Positive,1
presence,Positive,1
present,Positive,1
presentable,Positive,1
presentment,Positive,1
preservative,Positive,1
preserve,Positive,1
president,Positive,1
prestige,Positive,1
presto,Positive,1
pretty,Positive,1
prevail,Positive,1
prevention,Positive,1
priceless,Positive,1
pride,Positive,1
priest,Positive,1
priesthood,Positive,1
priestly,Positive,1
primacy,Positive,1
primary,Positive,1
prime,Positive,1
primer,Positive,1
prince,Positive,1
princely,Positive,1
princess,Positive,1
principal,Positive,1
pristine,Positive,1
privileged,Positive,1
probity,Positive,1
procedure,Positive,1
procession,Positive,1
proctor,Positive,1
procure,Positive,1
prodigal,Positive,1
prodigious,Positive,1
prodigy,Positive,1
producer,Positive,1
producing,Positive,1
production,Positive,1
productive,Positive,1
productivity,Positive,1
profession,Positive,1
professional,Positive,1
professor,Positive,1
proficiency,Positive,1
proficient,Positive,1
profuse,Positive,1
progress,Positive,1
progression,Positive,1
progressive,Positive,1
prolific,Positive,1
prominence,Positive,1
prominently,Positive,1
promise,Positive,1
promising,Positive,1
promotion,Positive,1
prop,Positive,1
proper,Positive,1
prophet,Positive,1
prophylactic,Positive,1
proposition,Positive,1
prospect,Positive,1
prosper,Positive,1
prosperity,Positive,1
prosperous,Positive,1
protect,Positive,1
protecting,Positive,1
protective,Positive,1
protector,Positive,1
proud,Positive,1
prove,Positive,1
proverbial,Positive,1
provide,Positive,1
providing,Positive,1
prudence,Positive,1
prudent,Positive,1
psalm,Positive,1
public,Positive,1
pull,Positive,1
pulpit,Positive,1
punctual,Positive,1
punctuality,Positive,1
puppy,Positive,1
purely,Positive,1
purification,Positive,1
purify,Positive,1
purist,Positive,1
purity,Positive,1
purr,Positive,1
quaint,Positive,1
qualified,Positive,1
qualifying,Positive,1
quest,Positive,1
question,Positive,1
quickness,Positive,1
quiescent,Positive,1
quiet,Positive,1
quinine,Positive,1
quote,Positive,1
radiance,Positive,1
radiant,Positive,1
radiate,Positive,1
radio,Positive,1
rapt,Positive,1
rapture,Positive,1
rational,Positive,1
rave,Positive,1
reader,Positive,1
readily,Positive,1
readiness,Positive,1
reading,Positive,1
reaffirm,Positive,1
real,Positive,1
reason,Positive,1
reassurance,Positive,1
reassure,Positive,1
rebate,Positive,1
recast,Positive,1
received,Positive,1
receiving,Positive,1
recherche,Positive,1
reciprocate,Positive,1
reclamation,Positive,1
recline,Positive,1
recognizable,Positive,1
recommend,Positive,1
reconciliation,Positive,1
reconsideration,Positive,1
reconstruct,Positive,1
reconstruction,Positive,1
recorder,Positive,1
recoup,Positive,1
recovery,Positive,1
recreation,Positive,1
recreational,Positive,1
rectify,Positive,1
redemption,Positive,1
redress,Positive,1
refine,Positive,1
refinement,Positive,1
reform,Positive,1
reformation,Positive,1
reformer,Positive,1
refreshing,Positive,1
refurbish,Positive,1
regal,Positive,1
regent,Positive,1
regressive,Positive,1
regularity,Positive,1
regulate,Positive,1
rehabilitate,Positive,1
rehabilitation,Positive,1
reimburse,Positive,1
reimbursement,Positive,1
reinforcement,Positive,1
reinstate,Positive,1
rejoice,Positive,1
rejoicing,Positive,1
rejuvenate,Positive,1
rejuvenated,Positive,1
rekindle,Positive,1
relaxation,Positive,1
relevant,Positive,1
reliability,Positive,1
reliable,Positive,1
reliance,Positive,1
relief,Positive,1
relieving,Positive,1
remains,Positive,1
remake,Positive,1
remarkable,Positive,1
remarkably,Positive,1
remedy,Positive,1
remission,Positive,1
remodel,Positive,1
renaissance,Positive,1
render,Positive,1
renewal,Positive,1
renovate,Positive,1
renovation,Positive,1
renown,Positive,1
renowned,Positive,1
reorganize,Positive,1
reparation,Positive,1
repay,Positive,1
repent,Positive,1
replenish,Positive,1
replete,Positive,1
reporter,Positive,1
repose,Positive,1
represented,Positive,1
reproductive,Positive,1
reputable,Positive,1
rescue,Positive,1
reserve,Positive,1
resident,Positive,1
resilient,Positive,1
resistive,Positive,1
resolutely,Positive,1
resources,Positive,1
respect,Positive,1
respectability,Positive,1
respectable,Positive,1
respectful,Positive,1
respecting,Positive,1
respects,Positive,1
respite,Positive,1
resplendent,Positive,1
responsible,Positive,1
responsive,Positive,1
rest,Positive,1
restful,Positive,1
restitution,Positive,1
restorative,Positive,1
restoring,Positive,1
restraint,Positive,1
resumption,Positive,1
retention,Positive,1
retirement,Positive,1
reunion,Positive,1
revel,Positive,1
revels,Positive,1
revere,Positive,1
reverence,Positive,1
reverend,Positive,1
reverie,Positive,1
revise,Positive,1
revival,Positive,1
revive,Positive,1
revolution,Positive,1
revolutionary,Positive,1
reward,Positive,1
rhythm,Positive,1
rhythmical,Positive,1
ribbon,Positive,1
richness,Positive,1
rider,Positive,1
righteous,Positive,1
rightful,Positive,1
rightly,Positive,1
ripe,Positive,1
ripen,Positive,1
rising,Positive,1
riveting,Positive,1
roadster,Positive,1
robust,Positive,1
rock,Positive,1
rod,Positive,1
rollicking,Positive,1
romance,Positive,1
romantic,Positive,1
romanticism,Positive,1
romp,Positive,1
rooted,Positive,1
rosy,Positive,1
rota,Positive,1
routine,Positive,1
royalty,Positive,1
rubric,Positive,1
ruth,Positive,1
safe,Positive,1
safeguard,Positive,1
sage,Positive,1
saint,Positive,1
saintly,Positive,1
salary,Positive,1
salient,Positive,1
salutary,Positive,1
salute,Positive,1
salvation,Positive,1
salve,Positive,1
samurai,Positive,1
sanctification,Positive,1
sanctify,Positive,1
sanctuary,Positive,1
sanguine,Positive,1
sanitary,Positive,1
satin,Positive,1
satisfactorily,Positive,1
satisfied,Positive,1
save,Positive,1
savings,Positive,1
savor,Positive,1
savory,Positive,1
savvy,Positive,1
scarecrow,Positive,1
scholar,Positive,1
scholarship,Positive,1
scientific,Positive,1
scientist,Positive,1
scintilla,Positive,1
score,Positive,1
scribe,Positive,1
script,Positive,1
scrumptious,Positive,1
sculpture,Positive,1
sea,Positive,1
seal,Positive,1
seasoned,Positive,1
seclusion,Positive,1
secretariat,Positive,1
seniority,Positive,1
sensational,Positive,1
sense,Positive,1
sensibility,Positive,1
sensibly,Positive,1
sensual,Positive,1
sensuality,Positive,1
sensuous,Positive,1
sentimental,Positive,1
sentimentality,Positive,1
sentinel,Positive,1
serenity,Positive,1
sermon,Positive,1
serum,Positive,1
settlor,Positive,1
sex,Positive,1
shape,Positive,1
shapely,Positive,1
share,Positive,1
shelter,Positive,1
shepherd,Positive,1
shine,Positive,1
shining,Positive,1
shopping,Positive,1
shoulder,Positive,1
shrewd,Positive,1
silk,Positive,1
simplify,Positive,1
sincere,Positive,1
sincerity,Positive,1
sing,Positive,1
singly,Positive,1
sir,Positive,1
sisterhood,Positive,1
skilled,Positive,1
skillful,Positive,1
sky,Positive,1
slate,Positive,1
sleek,Positive,1
slender,Positive,1
slim,Positive,1
smile,Positive,1
smiling,Positive,1
smitten,Positive,1
smoothness,Positive,1
snicker,Positive,1
sobriety,Positive,1
sociable,Positive,1
solace,Positive,1
soldier,Positive,1
solid,Positive,1
solidity,Positive,1
solution,Positive,1
solvency,Positive,1
sonar,Positive,1
sonata,Positive,1
sonnet,Positive,1
sonorous,Positive,1
soothe,Positive,1
soothing,Positive,1
sorter,Positive,1
soundness,Positive,1
soup,Positive,1
spa,Positive,1
spacious,Positive,1
spaniel,Positive,1
sparkle,Positive,1
special,Positive,1
specie,Positive,1
spectacle,Positive,1
speech,Positive,1
speedy,Positive,1
spelling,Positive,1
spice,Positive,1
spine,Positive,1
spirit,Positive,1
spirits,Positive,1
splendid,Positive,1
splendor,Positive,1
sponsor,Positive,1
spotless,Positive,1
spouse,Positive,1
spruce,Positive,1
stable,Positive,1
staccato,Positive,1
stainless,Positive,1
stallion,Positive,1
stalwart,Positive,1
stamina,Positive,1
standing,Positive,1
star,Positive,1
starlight,Positive,1
starry,Positive,1
stately,Positive,1
statement,Positive,1
statue,Positive,1
status,Positive,1
staunch,Positive,1
steadfast,Positive,1
stellar,Positive,1
sterling,Positive,1
steward,Positive,1
stillness,Positive,1
store,Positive,1
straightforward,Positive,1
strategic,Positive,1
strategist,Positive,1
strength,Positive,1
strengthen,Positive,1
strengthening,Positive,1
striking,Positive,1
strikingly,Positive,1
strongly,Positive,1
structure,Positive,1
stud,Positive,1
study,Positive,1
sturdy,Positive,1
sublimation,Positive,1
substance,Positive,1
substantive,Positive,1
succeed,Positive,1
succeeding,Positive,1
success,Positive,1
successful,Positive,1
succinct,Positive,1
succulent,Positive,1
sufficiency,Positive,1
sugar,Positive,1
suitable,Positive,1
sultry,Positive,1
sun,Positive,1
sunny,Positive,1
sunset,Positive,1
sunshine,Positive,1
superb,Positive,1
superhuman,Positive,1
superior,Positive,1
superiority,Positive,1
superman,Positive,1
superstar,Positive,1
superstition,Positive,1
supplication,Positive,1
supplies,Positive,1
supply,Positive,1
supported,Positive,1
supporter,Positive,1
supporting,Positive,1
supremacy,Positive,1
supreme,Positive,1
supremely,Positive,1
surety,Positive,1
surmise,Positive,1
surpassing,Positive,1
surprise,Positive,1
surround,Positive,1
surveying,Positive,1
survive,Positive,1
swear,Positive,1
sweet,Positive,1
sweetheart,Positive,1
sweetie,Positive,1
sweetness,Positive,1
sweets,Positive,1
swift,Positive,1
swim,Positive,1
symbolic,Positive,1
symmetrical,Positive,1
symmetry,Positive,1
sympathetic,Positive,1
sympathy,Positive,1
symphony,Positive,1
synchronize,Positive,1
synergistic,Positive,1
synod,Positive,1
synonymous,Positive,1
tact,Positive,1
tale,Positive,1
talent,Positive,1
talisman,Positive,1
talk,Positive,1
tanned,Positive,1
tantalizing,Positive,1
task,Positive,1
tasteful,Positive,1
tasty,Positive,1
teach,Positive,1
teacher,Positive,1
technology,Positive,1
teens,Positive,1
temperance,Positive,1
tempered,Positive,1
tenable,Positive,1
tenacious,Positive,1
tenacity,Positive,1
tenancy,Positive,1
tenant,Positive,1
tender,Positive,1
tenderness,Positive,1
thankful,Positive,1
thanksgiving,Positive,1
theoretical,Positive,1
therapeutic,Positive,1
therapeutics,Positive,1
thinker,Positive,1
thoroughbred,Positive,1
thoughtful,Positive,1
thoughtfulness,Positive,1
thrift,Positive,1
thrill,Positive,1
thrilling,Positive,1
thriving,Positive,1
throne,Positive,1
tickle,Positive,1
tiling,Positive,1
timely,Positive,1
tinsel,Positive,1
title,Positive,1
toast,Positive,1
tolerant,Positive,1
toleration,Positive,1
top,Positive,1
toughness,Positive,1
tower,Positive,1
towering,Positive,1
traditional,Positive,1
tranquil,Positive,1
tranquility,Positive,1
transcendence,Positive,1
transcendental,Positive,1
traveling,Positive,1
treasure,Positive,1
treat,Positive,1
tree,Positive,1
tremendously,Positive,1
trend,Positive,1
trendy,Positive,1
tributary,Positive,1
tribute,Positive,1
trig,Positive,1
triumph,Positive,1
triumphant,Positive,1
trophy,Positive,1
truce,Positive,1
TRUE,Positive,1
trusty,Positive,1
truth,Positive,1
truthfulness,Positive,1
tutelage,Positive,1
tutor,Positive,1
twin,Positive,1
twinkle,Positive,1
ultimately,Positive,1
umpire,Positive,1
unanimity,Positive,1
unanimous,Positive,1
unassuming,Positive,1
unbeaten,Positive,1
unbiased,Positive,1
unbreakable,Positive,1
unbridled,Positive,1
unbroken,Positive,1
unconstrained,Positive,1
underline,Positive,1
understanding,Positive,1
underwrite,Positive,1
undivided,Positive,1
undying,Positive,1
unequivocally,Positive,1
unexpected,Positive,1
unfold,Positive,1
unification,Positive,1
uniformly,Positive,1
unimaginable,Positive,1
uninfected,Positive,1
unique,Positive,1
unison,Positive,1
unitary,Positive,1
united,Positive,1
unity,Positive,1
university,Positive,1
unlimited,Positive,1
unpretentious,Positive,1
unquestionable,Positive,1
unquestionably,Positive,1
unquestioned,Positive,1
unscathed,Positive,1
unselfish,Positive,1
unsurpassed,Positive,1
untie,Positive,1
unwavering,Positive,1
uphill,Positive,1
uplift,Positive,1
upright,Positive,1
usefulness,Positive,1
usher,Positive,1
usual,Positive,1
utility,Positive,1
utopian,Positive,1
vacation,Positive,1
vaccine,Positive,1
valiant,Positive,1
valor,Positive,1
valuable,Positive,1
vanguard,Positive,1
vanquish,Positive,1
velvet,Positive,1
velvety,Positive,1
venerable,Positive,1
veneration,Positive,1
veracity,Positive,1
verdant,Positive,1
verification,Positive,1
verified,Positive,1
verily,Positive,1
veritable,Positive,1
vernal,Positive,1
verve,Positive,1
veteran,Positive,1
vicar,Positive,1
victor,Positive,1
victorious,Positive,1
victory,Positive,1
vigilance,Positive,1
vigilant,Positive,1
vigor,Positive,1
vigorous,Positive,1
villager,Positive,1
vindicated,Positive,1
vindication,Positive,1
virgin,Positive,1
virginity,Positive,1
virtue,Positive,1
virtuous,Positive,1
vision,Positive,1
visionary,Positive,1
visit,Positive,1
visitor,Positive,1
vital,Positive,1
vitality,Positive,1
vivacious,Positive,1
vivid,Positive,1
vocabulary,Positive,1
volunteer,Positive,1
voluptuous,Positive,1
vote,Positive,1
vouch,Positive,1
vow,Positive,1
wages,Positive,1
warranty,Positive,1
warrior,Positive,1
watchdog,Positive,1
watchful,Positive,1
watchman,Positive,1
waterproof,Positive,1
wealth,Positive,1
weatherproof,Positive,1
weight,Positive,1
welcomed,Positive,1
white,Positive,1
whiteness,Positive,1
wholesome,Positive,1
wicket,Positive,1
widespread,Positive,1
willingly,Positive,1
willingness,Positive,1
windfall,Positive,1
winner,Positive,1
winning,Positive,1
winnings,Positive,1
wireless,Positive,1
wis,Positive,1
wisdom,Positive,1
wise,Positive,1
wit,Positive,1
withstand,Positive,1
wits,Positive,1
witty,Positive,1
wizard,Positive,1
womb,Positive,1
wonderful,Positive,1
wonderfully,Positive,1
wondrous,Positive,1
word,Positive,1
working,Positive,1
worship,Positive,1
worth,Positive,1
worthy,Positive,1
wot,Positive,1
writer,Positive,1
yearning,Positive,1
young,Positive,1
younger,Positive,1
youth,Positive,1
zeal,Positive,1
zealous,Positive,1
zest,Positive,1
