abandonment,Surprise,1
abduction,Surprise,1
abrupt,Surprise,1
accident,Surprise,1
accidental,Surprise,1
accidentally,Surprise,1
accolade,Surprise,1
advance,Surprise,1
affront,Surprise,1
aghast,Surprise,1
alarm,Surprise,1
alarming,Surprise,1
alertness,Surprise,1
alerts,Surprise,1
allure,Surprise,1
amaze,Surprise,1
amazingly,Surprise,1
ambush,Surprise,1
angel,Surprise,1
anomaly,Surprise,1
apparition,Surprise,1
applause,Surprise,1
art,Surprise,1
aspiration,Surprise,1
assail,Surprise,1
assessment,Surprise,1
astonishingly,Surprise,1
astonishment,Surprise,1
attacking,Surprise,1
avalanche,Surprise,1
award,Surprise,1
bang,Surprise,1
banger,Surprise,1
betray,Surprise,1
bewildered,Surprise,1
bewilderment,Surprise,1
birthday,Surprise,1
bizarre,Surprise,1
blast,Surprise,1
blessings,Surprise,1
blindfold,Surprise,1
blitz,Surprise,1
bloodshed,Surprise,1
bomb,Surprise,1
bonus,Surprise,1
break,Surprise,1
brighten,Surprise,1
buck,Surprise,1
burlesque,Surprise,1
cable,Surprise,1
cadaver,Surprise,1
camouflage,Surprise,1
camouflaged,Surprise,1
candid,Surprise,1
captivate,Surprise,1
carnage,Surprise,1
catastrophe,Surprise,1
catch,Surprise,1
celebration,Surprise,1
celebrity,Surprise,1
ceremony,Surprise,1
chance,Surprise,1
changeable,Surprise,1
chant,Surprise,1
cheer,Surprise,1
cheerful,Surprise,1
cherish,Surprise,1
chicane,Surprise,1
chimera,Surprise,1
chuckle,Surprise,1
clamor,Surprise,1
climax,Surprise,1
clown,Surprise,1
coincidence,Surprise,1
compensate,Surprise,1
complement,Surprise,1
compliment,Surprise,1
concealed,Surprise,1
confession,Surprise,1
conjure,Surprise,1
coup,Surprise,1
crash,Surprise,1
cream,Surprise,1
crescendo,Surprise,1
crowning,Surprise,1
curiosity,Surprise,1
cyclone,Surprise,1
daemon,Surprise,1
dawn,Surprise,1
deal,Surprise,1
death,Surprise,1
deceit,Surprise,1
decoy,Surprise,1
defy,Surprise,1
delighted,Surprise,1
deluge,Surprise,1
destination,Surprise,1
detonate,Surprise,1
devastation,Surprise,1
differently,Surprise,1
dire,Surprise,1
disaster,Surprise,1
dismay,Surprise,1
dismissal,Surprise,1
disruption,Surprise,1
dissolution,Surprise,1
distress,Surprise,1
disturbance,Surprise,1
divergent,Surprise,1
diversion,Surprise,1
divorce,Surprise,1
dolphin,Surprise,1
dreadfully,Surprise,1
dynamic,Surprise,1
eager,Surprise,1
earthquake,Surprise,1
ecstatic,Surprise,1
ejaculation,Surprise,1
electric,Surprise,1
elusive,Surprise,1
embarrassment,Surprise,1
embrace,Surprise,1
emergency,Surprise,1
enchant,Surprise,1
enliven,Surprise,1
entertainment,Surprise,1
enthusiasm,Surprise,1
enthusiast,Surprise,1
epidemic,Surprise,1
erotic,Surprise,1
erratic,Surprise,1
erupt,Surprise,1
eruption,Surprise,1
evanescence,Surprise,1
examination,Surprise,1
excavation,Surprise,1
excel,Surprise,1
excitation,Surprise,1
excite,Surprise,1
excited,Surprise,1
excitement,Surprise,1
exciting,Surprise,1
exclaim,Surprise,1
exhilaration,Surprise,1
exigent,Surprise,1
expect,Surprise,1
experiment,Surprise,1
explode,Surprise,1
explosion,Surprise,1
explosive,Surprise,1
fainting,Surprise,1
fanfare,Surprise,1
favorable,Surprise,1
fearfully,Surprise,1
feat,Surprise,1
feeling,Surprise,1
festival,Surprise,1
fete,Surprise,1
fiesta,Surprise,1
finally,Surprise,1
flinch,Surprise,1
flirt,Surprise,1
fluke,Surprise,1
foresee,Surprise,1
fortune,Surprise,1
frantic,Surprise,1
freakish,Surprise,1
frenetic,Surprise,1
fright,Surprise,1
frighten,Surprise,1
frightened,Surprise,1
frisky,Surprise,1
gambler,Surprise,1
gambling,Surprise,1
gape,Surprise,1
garish,Surprise,1
gasp,Surprise,1
gawk,Surprise,1
generosity,Surprise,1
gift,Surprise,1
glimmer,Surprise,1
glorify,Surprise,1
godsend,Surprise,1
good,Surprise,1
goodness,Surprise,1
graduation,Surprise,1
gratify,Surprise,1
greatness,Surprise,1
greeting,Surprise,1
grin,Surprise,1
guess,Surprise,1
gulp,Surprise,1
hap,Surprise,1
hermaphrodite,Surprise,1
hero,Surprise,1
heroic,Surprise,1
heroism,Surprise,1
highest,Surprise,1
hilarious,Surprise,1
hoax,Surprise,1
holiness,Surprise,1
honeymoon,Surprise,1
hope,Surprise,1
hopeful,Surprise,1
horde,Surprise,1
horror,Surprise,1
howl,Surprise,1
humanitarian,Surprise,1
hypertrophy,Surprise,1
hypothesis,Surprise,1
illegitimate,Surprise,1
illuminate,Surprise,1
illumination,Surprise,1
illusion,Surprise,1
immediacy,Surprise,1
immerse,Surprise,1
improvisation,Surprise,1
improvise,Surprise,1
incendiary,Surprise,1
incident,Surprise,1
incontinence,Surprise,1
independence,Surprise,1
inexplicable,Surprise,1
infant,Surprise,1
infarct,Surprise,1
infrequent,Surprise,1
inheritance,Surprise,1
insolvency,Surprise,1
inspired,Surprise,1
insult,Surprise,1
intense,Surprise,1
interrupt,Surprise,1
intrigue,Surprise,1
intruder,Surprise,1
intrusive,Surprise,1
invade,Surprise,1
invite,Surprise,1
inviting,Surprise,1
jackpot,Surprise,1
jerk,Surprise,1
jest,Surprise,1
joker,Surprise,1
jolt,Surprise,1
jubilant,Surprise,1
jubilee,Surprise,1
judgment,Surprise,1
kidnap,Surprise,1
kiss,Surprise,1
labor,Surprise,1
larger,Surprise,1
latent,Surprise,1
laugh,Surprise,1
laughter,Surprise,1
lawsuit,Surprise,1
leave,Surprise,1
leery,Surprise,1
leisure,Surprise,1
liberate,Surprise,1
liberation,Surprise,1
liberty,Surprise,1
lightning,Surprise,1
lose,Surprise,1
lovely,Surprise,1
loyal,Surprise,1
luck,Surprise,1
lucky,Surprise,1
lunge,Surprise,1
magical,Surprise,1
magician,Surprise,1
magnificent,Surprise,1
majestic,Surprise,1
manslaughter,Surprise,1
marry,Surprise,1
marvel,Surprise,1
medal,Surprise,1
memorable,Surprise,1
merriment,Surprise,1
mimicry,Surprise,1
miracle,Surprise,1
miraculous,Surprise,1
misbehavior,Surprise,1
mishap,Surprise,1
modify,Surprise,1
money,Surprise,1
monstrosity,Surprise,1
morals,Surprise,1
mouth,Surprise,1
murder,Surprise,1
murderous,Surprise,1
musical,Surprise,1
mutiny,Surprise,1
mysterious,Surprise,1
mystery,Surprise,1
mystic,Surprise,1
nab,Surprise,1
nefarious,Surprise,1
newcomer,Surprise,1
nullify,Surprise,1
obit,Surprise,1
obliging,Surprise,1
occasional,Surprise,1
oddity,Surprise,1
opera,Surprise,1
optimism,Surprise,1
ordeal,Surprise,1
organization,Surprise,1
originality,Surprise,1
outburst,Surprise,1
outcry,Surprise,1
outrageous,Surprise,1
overdue,Surprise,1
overestimate,Surprise,1
palpable,Surprise,1
pang,Surprise,1
parade,Surprise,1
paralyzed,Surprise,1
peaceful,Surprise,1
perchance,Surprise,1
perfection,Surprise,1
peri,Surprise,1
perjury,Surprise,1
picnic,Surprise,1
pitfall,Surprise,1
placard,Surprise,1
playful,Surprise,1
playground,Surprise,1
pleasant,Surprise,1
plunder,Surprise,1
polarity,Surprise,1
pop,Surprise,1
postponement,Surprise,1
practiced,Surprise,1
praiseworthy,Surprise,1
prank,Surprise,1
pray,Surprise,1
precious,Surprise,1
premature,Surprise,1
present,Surprise,1
preservative,Surprise,1
presto,Surprise,1
prick,Surprise,1
princely,Surprise,1
procession,Surprise,1
proficiency,Surprise,1
prowl,Surprise,1
puma,Surprise,1
punch,Surprise,1
purity,Surprise,1
quickness,Surprise,1
quicksilver,Surprise,1
quote,Surprise,1
raffle,Surprise,1
raid,Surprise,1
randomly,Surprise,1
rapid,Surprise,1
rapt,Surprise,1
rarity,Surprise,1
rave,Surprise,1
raving,Surprise,1
reappear,Surprise,1
receiving,Surprise,1
recklessness,Surprise,1
reflex,Surprise,1
rejoice,Surprise,1
rejoicing,Surprise,1
rekindle,Surprise,1
remarkable,Surprise,1
rescue,Surprise,1
resignation,Surprise,1
revenge,Surprise,1
reversal,Surprise,1
revolt,Surprise,1
revolution,Surprise,1
reward,Surprise,1
rhythmical,Surprise,1
riddle,Surprise,1
riotous,Surprise,1
romance,Surprise,1
rupture,Surprise,1
sabotage,Surprise,1
saint,Surprise,1
saintly,Surprise,1
sally,Surprise,1
sanctify,Surprise,1
scare,Surprise,1
score,Surprise,1
scorpion,Surprise,1
scream,Surprise,1
screech,Surprise,1
scrimmage,Surprise,1
secrecy,Surprise,1
senseless,Surprise,1
sensual,Surprise,1
shatter,Surprise,1
shell,Surprise,1
shock,Surprise,1
shockingly,Surprise,1
shopping,Surprise,1
shot,Surprise,1
shout,Surprise,1
shriek,Surprise,1
shrill,Surprise,1
simplify,Surprise,1
singularly,Surprise,1
sisterhood,Surprise,1
slam,Surprise,1
slap,Surprise,1
slaughter,Surprise,1
slaughtering,Surprise,1
slayer,Surprise,1
slip,Surprise,1
slush,Surprise,1
smile,Surprise,1
snag,Surprise,1
sneak,Surprise,1
sneeze,Surprise,1
somatic,Surprise,1
sorcery,Surprise,1
spa,Surprise,1
sparkle,Surprise,1
spectacular,Surprise,1
spirits,Surprise,1
splash,Surprise,1
splendid,Surprise,1
splendor,Surprise,1
stab,Surprise,1
stagger,Surprise,1
startle,Surprise,1
startling,Surprise,1
steady,Surprise,1
stealth,Surprise,1
stealthily,Surprise,1
stealthy,Surprise,1
strangle,Surprise,1
stunned,Surprise,1
subito,Surprise,1
subversive,Surprise,1
succeed,Surprise,1
sudden,Surprise,1
suddenly,Surprise,1
sun,Surprise,1
sunny,Surprise,1
supremacy,Surprise,1
surge,Surprise,1
surprise,Surprise,1
surprised,Surprise,1
surprising,Surprise,1
surprisingly,Surprise,1
suspense,Surprise,1
sweet,Surprise,1
swerve,Surprise,1
synchronize,Surprise,1
syncope,Surprise,1
tackle,Surprise,1
tantalizing,Surprise,1
teach,Surprise,1
tempest,Surprise,1
terrorist,Surprise,1
thief,Surprise,1
thirst,Surprise,1
thrill,Surprise,1
thrilling,Surprise,1
thwart,Surprise,1
tickle,Surprise,1
topple,Surprise,1
transcendence,Surprise,1
treachery,Surprise,1
treason,Surprise,1
treat,Surprise,1
tree,Surprise,1
trepidation,Surprise,1
trick,Surprise,1
trickery,Surprise,1
trip,Surprise,1
trophy,Surprise,1
trump,Surprise,1
tumult,Surprise,1
unanticipated,Surprise,1
unbeaten,Surprise,1
unbridled,Surprise,1
uncanny,Surprise,1
uncertain,Surprise,1
uncontrollable,Surprise,1
uncover,Surprise,1
underestimate,Surprise,1
undiscovered,Surprise,1
unexpected,Surprise,1
unexpectedly,Surprise,1
unforeseen,Surprise,1
unfulfilled,Surprise,1
unguarded,Surprise,1
unimaginable,Surprise,1
unintended,Surprise,1
unintentional,Surprise,1
unintentionally,Surprise,1
unique,Surprise,1
unprecedented,Surprise,1
unpredictable,Surprise,1
unstable,Surprise,1
unsuspecting,Surprise,1
urgency,Surprise,1
urgent,Surprise,1
vanish,Surprise,1
vanished,Surprise,1
variable,Surprise,1
veer,Surprise,1
veracity,Surprise,1
victimized,Surprise,1
violation,Surprise,1
violent,Surprise,1
visor,Surprise,1
volatility,Surprise,1
volcano,Surprise,1
vote,Surprise,1
warn,Surprise,1
warned,Surprise,1
weight,Surprise,1
whim,Surprise,1
wild,Surprise,1
wildfire,Surprise,1
winner,Surprise,1
winning,Surprise,1
wireless,Surprise,1
wizard,Surprise,1
wonderful,Surprise,1
wonderfully,Surprise,1
worm,Surprise,1
wreck,Surprise,1
yell,Surprise,1
yelp,Surprise,1
young,Surprise,1
youth,Surprise,1
zany,Surprise,1
zeal,Surprise,1
